timestamp,tp2_bar,tp3_bar,h1_bar,dv_pressure_bar,reservoirs_bar,oil_temperature_c,motor_current_a,comp,dv_electric,towers,mpg,lps,pressure_switch,oil_level,caudal_impulses,tp2_bar_mean_60m,tp3_bar_mean_60m,h1_bar_mean_60m,dv_pressure_bar_mean_60m,reservoirs_bar_mean_60m,oil_temperature_c_mean_60m,motor_current_a_mean_60m,comp_mean_60m,dv_electric_mean_60m,towers_mean_60m,mpg_mean_60m,lps_mean_60m,pressure_switch_mean_60m,oil_level_mean_60m,caudal_impulses_mean_60m,tp2_bar_std_60m,tp3_bar_std_60m,h1_bar_std_60m,dv_pressure_bar_std_60m,reservoirs_bar_std_60m,oil_temperature_c_std_60m,motor_current_a_std_60m,comp_std_60m,dv_electric_std_60m,towers_std_60m,mpg_std_60m,lps_std_60m,pressure_switch_std_60m,oil_level_std_60m,caudal_impulses_std_60m,air_leak_condition,split,scenario
2020-07-10 08:00:00,-0.011,8.795333,8.783334,-0.02,8.796666,67.25,0.0425,1.0,0.0,1.0,1.0,0.0,1.0,1.0,1.0,1.5445134812189887,9.03594840367635,7.477314300726478,-0.009111904275293152,9.03684442838033,68.40327402750651,3.0663700475047033,0.8305555562178294,0.16944444328546523,0.9111111124356588,0.8305555562178294,0.0,0.9972222218910853,1.0,1.0,3.290744387990768,0.5663217391144942,3.228788665583133,0.0873733667728188,0.5652068824115623,3.215477585578648,1.9534557881735235,0.35453965547153876,0.35453965381330876,0.19520298414159637,0.35453965547153876,0.0,0.021516576710572277,0.0,0.0,0,test,normal
2020-07-10 08:01:00,-0.011142857,8.649714,8.638,-0.020285713,8.651714,65.814285,0.0425,1.0,0.0,1.0,1.0,0.0,1.0,1.0,1.0,1.5445333224876474,9.019921429951985,7.461292063584551,-0.0090999994892627,9.020845222473145,68.30059547424317,3.004293657404681,0.8305555562178294,0.16944444328546523,0.9111111124356588,0.8305555562178294,0.0,0.9972222218910853,1.0,1.0,3.290734845588302,0.5633615199405159,3.2204545406659673,0.08737176819043295,0.5622385113723142,3.1978052436457776,1.989655296021464,0.35453965547153876,0.35453965381330876,0.19520298414159637,0.35453965547153876,0.0,0.021516576710572277,0.0,0.0,0,test,normal
2020-07-10 08:02:00,-0.012666668,8.508667,8.497001,-0.021,8.511001,64.95417,0.04125,1.0,0.0,1.0,1.0,0.0,1.0,1.0,1.0,1.544522211343671,9.007532548904418,7.448914292842771,-0.009105555045728882,9.008467451731365,68.2053872426351,2.9424950453142324,0.8305555562178294,0.16944444328546523,0.9111111124356588,0.8305555562178294,0.0,0.9972222218910853,1.0,1.0,3.290740191412084,0.5663368400752211,3.2149260003601436,0.0873725267197709,0.5651932248870225,3.2111773775122656,2.023424732891213,0.35453965547153876,0.35453965381330876,0.19520298414159637,0.35453965547153876,0.0,0.021516576710572277,0.0,0.0,0,test,normal
2020-07-10 08:03:00,-0.011999999,8.383,8.371333,-0.020666666,8.385667,64.31667,0.041666668,1.0,0.0,1.0,1.0,0.0,1.0,1.0,1.0,1.5445166558027268,8.995504776636759,7.436875394374753,-0.0090999994892627,8.996461900075277,68.12629013061523,2.880161710518102,0.8305555562178294,0.16944444328546523,0.9111111124356588,0.8305555562178294,0.0,0.9972222218910853,1.0,1.0,3.2907428634330502,0.5718751926667665,3.210011222601677,0.08737176819043295,0.5707099283276551,3.2479459523838106,2.0545034484791858,0.35453965547153876,0.35453965381330876,0.19520298414159637,0.35453965547153876,0.0,0.021516576710572277,0.0,0.0,0,test,normal
2020-07-10 08:04:00,-0.0123333335,8.262334,8.250667,-0.020666666,8.263333,63.833332,0.042083334,1.0,0.0,1.0,1.0,0.0,1.0,1.0,1.0,1.544494433576862,8.986838118235271,7.428192062567299,-0.009105555045728882,8.987767457962036,68.06497071584066,2.8174811573078236,0.8305555562178294,0.16944444328546523,0.9111111124356588,0.8305555562178294,0.0,0.9972222218910853,1.0,1.0,3.2907535502851415,0.5790556865107194,3.2070426095757862,0.08737250516562692,0.5779142102495758,3.294132339502549,2.083045204368867,0.35453965547153876,0.35453965381330876,0.19520298414159637,0.35453965547153876,0.0,0.021516576710572277,0.0,0.0,0,test,normal
2020-07-10 08:05:00,2.3739998,8.095,4.069,-0.020666666,8.097667,63.158337,2.5891666,0.5,0.5,0.8333333,0.5,0.0,1.0,1.0,1.0,1.584242049853007,8.977292887369792,7.351732535551613,-0.009102380446468791,8.978247626622517,67.9941572825114,2.7986517877628407,0.8222222228844961,0.17777777661879857,0.9083333343267441,0.8222222228844961,0.0,0.9972222218910853,1.0,1.0,3.2860481780987105,0.5890396052515131,3.231850782213027,0.08737207440488173,0.587875271621769,3.35364363443506,2.0798623203063156,0.3563609044822714,0.35636090284432814,0.19510246263534559,0.3563609044822714,0.0,0.021516576710572277,0.0,0.0,0,test,normal
2020-07-10 08:06:00,8.963666,8.804999,-0.015333333,-0.02,8.804334,65.125,5.8370833,0.0,1.0,0.6666667,0.0,0.0,1.0,1.0,1.0,1.7338198158890008,8.98159844080607,7.209226982543866,-0.009091269333536427,8.982530959447224,67.96818504333496,2.885179565474391,0.8055555562178294,0.19444444328546523,0.9027777791023255,0.8055555562178294,0.0,0.9972222218910853,1.0,1.0,3.4139726218302884,0.586778408509026,3.36457562048994,0.08737062122581728,0.5856142828575551,3.369961890095026,2.096689200026467,0.37098975131954787,0.3709897497688845,0.1971827606211471,0.37098975131954787,0.0,0.021516576710572277,0.0,0.0,0,test,normal
2020-07-10 08:07:00,9.852666,9.694667,-0.011999999,-0.020666666,9.692,71.05416,6.04125,0.0,1.0,0.33333334,0.0,0.0,1.0,1.0,1.0,1.898219803146397,9.002737331390382,7.068788093499219,-0.009091269333536427,9.003597625096639,68.06450436909994,2.9851587359483043,0.7888888895511628,0.21111110995213192,0.8916666681567827,0.7888888895511628,0.0,0.9972222218910853,1.0,1.0,3.5627683855714665,0.5892765072536393,3.487051666439277,0.08737062122581728,0.5880579316941541,3.374267807932563,2.1018572712763874,0.3843289283588277,0.38432892688388937,0.20997937034121944,0.3843289283588277,0.0,0.021516576710572277,0.0,0.0,0,test,normal
2020-07-10 08:08:00,3.4573333,10.026,6.6789994,-0.018333333,10.023999,72.975,4.5804167,0.6666667,0.33333334,1.0,0.6666667,0.0,1.0,1.0,1.0,1.9560364696973314,9.031331777572632,7.041804744970674,-0.009052380438273151,9.032147614161174,68.19596265157064,3.0608184583485127,0.7833333343267441,0.21666666567325593,0.8916666681567827,0.7833333343267441,0.0,0.9972222218910853,1.0,1.0,3.5593952976689427,0.5966878340018545,3.4836409857670754,0.08736590081880757,0.5953995577843785,3.409778661648176,2.0756161738438346,0.3836341234437623,0.3836341221270805,0.20997937034121944,0.3836341234437623,0.0,0.021516576710572277,0.0,0.0,0,test,normal
2020-07-10 08:09:00,-0.015333333,9.776,9.766334,-0.02,9.774333,73.12917,3.8045833,1.0,0.0,1.0,1.0,0.0,1.0,1.0,1.0,1.9559809141326696,9.057787338892618,7.0682880900024125,-0.009035713768874605,9.058564265569052,68.32499046325684,3.1235198468590775,0.7833333343267441,0.21666666567325593,0.8916666681567827,0.7833333343267441,0.0,0.9972222218910853,1.0,1.0,3.5594265615814593,0.5938754914611813,3.498428382552908,0.08736367831338218,0.5925264954357962,3.447964470826372,2.0393992949145803,0.3836341234437623,0.3836341221270805,0.20997937034121944,0.3836341234437623,0.0,0.021516576710572277,0.0,0.0,0,test,normal
2020-07-10 08:10:00,-0.011666667,9.478,9.467334,-0.021,9.479,72.7125,3.7995834,1.0,0.0,1.0,1.0,0.0,1.0,1.0,1.0,1.8604920259211213,9.079615100224812,7.203888096582765,-0.00904682488180697,9.080403153101603,68.45867106119792,3.109561511936287,0.7972222231328487,0.20277777711550396,0.9000000014901162,0.7972222231328487,0.0,0.9972222218910853,1.0,1.0,3.5335577676254495,0.5846259412645727,3.429287115658418,0.0873651819051699,0.5832463771973492,3.460175498925679,2.031715966761547,0.3759378306148884,0.3759378296948701,0.20400878542653353,0.3759378306148884,0.0,0.021516576710572277,0.0,0.0,0,test,normal
2020-07-10 08:11:00,-0.010666666,9.305667,9.294666,-0.020666666,9.307,71.05417,3.7329166,1.0,0.0,1.0,1.0,0.0,1.0,1.0,1.0,1.7049975774250925,9.082242886225382,7.3590214236329,-0.009052380438273151,9.083080943425497,68.50228220621744,3.0729504039511086,0.8138888897995155,0.18611111044883727,0.9055555567145348,0.8138888897995155,0.0,0.9972222218910853,1.0,1.0,3.4026335212809022,0.5852924899665091,3.3055671697795184,0.08736592237458092,0.5839226369955859,3.476356212330814,1.9995759888128497,0.3618997610029587,0.3618997600588843,0.20207647484848523,0.3618997610029587,0.0,0.021516576710572277,0.0,0.0,0,test,normal
2020-07-10 08:12:00,-0.011333334,9.175333,9.1640005,-0.020333333,9.175667,68.8375,3.7420833,1.0,0.0,1.0,1.0,0.0,1.0,1.0,1.0,1.5627142512394736,9.069653987884521,7.483638096228242,-0.009069047107671698,9.070564270019531,68.43749059041342,3.0393948446338377,0.8277777786056201,0.1722222218910853,0.9166666676600774,0.8277777786056201,0.0,0.9972222218910853,1.0,1.0,3.289187669716443,0.574763093932844,3.2281443739790814,0.08736801225820291,0.5734892819551747,3.4322677695953976,1.9704791550934457,0.3525087198234484,0.35250871933784084,0.1879115047606276,0.3525087198234484,0.0,0.021516576710572277,0.0,0.0,0,test,normal
2020-07-10 08:13:00,-0.010333333,9.043667,9.032333,-0.02,9.044333,68.00833,3.71125,1.0,0.0,1.0,1.0,0.0,1.0,1.0,1.0,1.5628642512330164,9.054431772232055,7.46831030882895,-0.009057935994739334,9.055403168996175,68.34381001790365,3.0383323481306435,0.8277777786056201,0.1722222218910853,0.9166666676600774,0.8277777786056201,0.0,0.9972222218910853,1.0,1.0,3.2891145036392992,0.5628347450371272,3.218394159311134,0.08736655470044945,0.5616402448159988,3.3641967971047935,1.9700929381425574,0.3525087198234484,0.35250871933784084,0.1879115047606276,0.3525087198234484,0.0,0.021516576710572277,0.0,0.0,0,test,normal
2020-07-10 08:14:00,-0.011333334,8.874667,8.863999,-0.02,8.876334,67.97083,3.7383335,1.0,0.0,1.0,1.0,0.0,1.0,1.0,1.0,1.5628920289998254,9.040259567896525,7.45415474611024,-0.00904682488180697,9.041264295578003,68.26575444539388,3.0382073492432635,0.8277777786056201,0.1722222218910853,0.9166666676600774,0.8277777786056201,0.0,0.9972222218910853,1.0,1.0,3.2891009763312518,0.5563317707996549,3.210209863245431,0.0873650956813138,0.5551470077381305,3.316486189613067,1.9700475250245957,0.3525087198234484,0.35250871933784084,0.1879115047606276,0.3525087198234484,0.0,0.021516576710572277,0.0,0.0,0,test,normal
2020-07-10 08:15:00,-0.011666667,8.570001,8.559667,-0.02,8.572,68.3375,1.2945833,1.0,0.0,1.0,1.0,0.0,1.0,1.0,1.0,1.5629031401127578,9.02574291229248,7.439676968629161,-0.009041269325340788,9.026775407791138,68.21353225708008,2.9964226296171548,0.8277777786056201,0.1722222218910853,0.9166666676600774,0.8277777786056201,0.0,0.9972222218910853,1.0,1.0,3.2890955658952037,0.5570610514125216,3.2031065267376677,0.08736437640178152,0.555872542386138,3.2897239823339337,1.9801418581005905,0.3525087198234484,0.35250871933784084,0.1879115047606276,0.3525087198234484,0.0,0.021516576710572277,0.0,0.0,0,test,normal
2020-07-10 08:16:00,-0.011333334,8.4453335,8.433,-0.02,8.446667,66.775,0.042083334,1.0,0.0,1.0,1.0,0.0,1.0,1.0,1.0,1.5628975845407695,9.012692912419636,7.426626952861747,-0.009030158212408424,9.013697624206543,68.16506004333496,2.9347906850278376,0.8277777786056201,0.1722222218910853,0.9166666676600774,0.8277777786056201,0.0,0.9972222218910853,1.0,1.0,3.2890982696952413,0.561389286185703,3.197336656706124,0.08736291519061559,0.5601919011118687,3.289126482504556,2.013867383541055,0.3525087198234484,0.35250871933784084,0.1879115047606276,0.3525087198234484,0.0,0.021516576710572277,0.0,0.0,0,test,normal
2020-07-10 08:17:00,-0.011666667,8.305,8.293334,-0.019666666,8.306333,65.62083,0.0425,1.0,0.0,1.0,1.0,0.0,1.0,1.0,1.0,1.5628920289998254,8.999792925516765,7.41373807626466,-0.009013491543009877,9.00078649520874,68.11603215535482,2.8732073524966837,0.8277777786056201,0.1722222218910853,0.9166666676600774,0.8277777786056201,0.0,0.9972222218910853,1.0,1.0,3.289100974040973,0.5686851559384717,3.192167914740762,0.08736075296898436,0.5674939976284159,3.3049879322511537,2.0451575766919246,0.3525087198234484,0.35250871933784084,0.1879115047606276,0.3525087198234484,0.0,0.021516576710572277,0.0,0.0,0,test,normal
2020-07-10 08:18:00,-0.011,8.1553335,8.144334,-0.02,8.157001,64.825005,0.041666668,1.0,0.0,1.0,1.0,0.0,1.0,1.0,1.0,1.5628920289998254,8.986826260884603,7.400788085038463,-0.009007935986543696,8.987819830576578,68.07012939453125,2.8112212385982276,0.8277777786056201,0.1722222218910853,0.9166666676600774,0.8277777786056201,0.0,0.9972222218910853,1.0,1.0,3.289100974040973,0.5790022444460877,3.187520922877428,0.08736003149797394,0.5778169856792872,3.3315899057036105,2.073957598348382,0.3525087198234484,0.35250871933784084,0.1879115047606276,0.3525087198234484,0.0,0.021516576710572277,0.0,0.0,0,test,normal
2020-07-10 08:19:00,7.9965715,8.471143,-0.018857142,-0.02,8.470857,65.57857,5.6589284,0.0,1.0,0.2857143,0.0,0.0,1.0,1.0,1.0,1.6963571102513622,8.981484190622966,7.254151564867546,-0.009007935986543696,8.982445208231608,68.0465082804362,2.85314087929825,0.8111111119389534,0.18888888855775196,0.9047619059681893,0.8111111119389534,0.0,0.9972222218910853,1.0,1.0,3.3852075987729995,0.58230259480778,3.322541651463149,0.08736003149797394,0.5811468592796333,3.344335661712769,2.1059646221205415,0.3675473069076059,0.3675473064189622,0.2044416261012705,0.3675473069076059,0.0,0.021516576710572277,0.0,0.0,0,test,normal
2020-07-10 08:20:00,9.93,9.545,-0.012666668,-0.020333333,9.542,70.854164,6.049166,0.0,1.0,0.8333333,0.0,0.0,1.0,1.0,1.0,1.8620571153238417,8.99635640780131,7.109923790503914,-0.009013491543009877,8.997228542963663,68.1288693745931,2.9532380937909086,0.7944444452722867,0.20555555522441865,0.9019841278592745,0.7944444452722867,0.0,0.9972222218910853,1.0,1.0,3.539954048987844,0.5851504351147317,3.4468184757438,0.08736075296898436,0.5839511335000516,3.3517316864115494,2.1128682596130823,0.3812540836857866,0.3812540831926288,0.20425785949203412,0.3812540836857866,0.0,0.021516576710572277,0.0,0.0,0,test,normal
2020-07-10 08:21:00,5.353333,10.073667,5.0629997,0.27066666,10.071334,72.120834,4.987917,0.5,0.5,0.6666667,0.5,0.0,1.0,1.0,1.0,1.951479331916198,9.022306410471598,7.052546007046476,-0.0041634916793555025,9.023100773493448,68.25817489624023,3.0356755984326202,0.7861111119389534,0.21388888855775198,0.8964285726348559,0.7861111119389534,0.0,0.9972222218910853,1.0,1.0,3.559523731966975,0.5979024268825471,3.4518409871769613,0.09450707678720949,0.5966541472139535,3.353620069291363,2.093749527705835,0.3821483357817267,0.38214833527870795,0.20607183427723402,0.3821483357817267,0.0,0.021516576710572277,0.0,0.0,0,test,normal
2020-07-10 08:22:00,-0.015333333,9.9453335,9.937667,-0.019666666,9.946334,72.78333,3.787917,1.0,0.0,1.0,1.0,0.0,1.0,1.0,1.0,1.9514237763515363,9.048323074976603,7.078618238974983,-0.0041357139280686775,9.049078559875488,68.41025816599527,3.098126991155247,0.7861111119389534,0.21388888855775198,0.8964285726348559,0.7861111119389534,0.0,0.9972222218910853,1.0,1.0,3.559554922420642,0.6036065207482213,3.4678568198936435,0.09450218945910027,0.6024225994086406,3.348387088602875,2.0584930073095578,0.3821483357817267,0.38214833527870795,0.20607183427723402,0.3821483357817267,0.0,0.021516576710572277,0.0,0.0,0,test,normal
2020-07-10 08:23:00,-0.0123333335,9.754666,9.742333,-0.02,9.755667,72.6875,3.805,1.0,0.0,1.0,1.0,0.0,1.0,1.0,1.0,1.95141822079507,9.073419888814291,7.10369046390988,-0.004130952044700583,9.074163484573365,68.57100226084391,3.1608412779246766,0.7861111119389534,0.21388888855775198,0.8964285726348559,0.7861111119389534,0.0,0.9972222218910853,1.0,1.0,3.559558039021686,0.6011020057940389,3.481791181679897,0.09450136907657378,0.5999401668645322,3.31771190122904,2.0207854650104458,0.3821483357817267,0.38214833527870795,0.20607183427723402,0.3821483357817267,0.0,0.021516576710572277,0.0,0.0,0,test,normal
2020-07-10 08:24:00,-0.010666666,9.593333,9.58,-0.02,9.594,71.229164,3.82,1.0,0.0,1.0,1.0,0.0,1.0,1.0,1.0,1.9133126684464514,9.097725439071656,7.1732237881515175,-0.004119840931768219,9.09846347173055,68.71697438557943,3.1940148886914055,0.7916666671633721,0.20833333283662797,0.8964285726348559,0.7916666671633721,0.0,0.9972222218910853,1.0,1.0,3.5682552132361693,0.5919277113660215,3.4890044501294115,0.09449943108948856,0.5907538273479647,3.2364472452899093,2.0148897973325353,0.3828048428742029,0.3828048422144357,0.20607183427723402,0.3828048428742029,0.0,0.021516576710572277,0.0,0.0,0,test,normal
2020-07-10 08:25:00,-0.010333333,9.447667,9.433667,-0.020333333,9.449,69.316666,3.7358334,1.0,0.0,1.0,1.0,0.0,1.0,1.0,1.0,1.7586237810862562,9.107719882329304,7.330723796769356,-0.004108729818835854,9.108496809005738,68.80752995808919,3.1579176681116223,0.8083333338300387,0.19166666616996128,0.9047619059681893,0.8083333338300387,0.0,0.9972222218910853,1.0,1.0,3.442858991401851,0.5927017975613251,3.3702272434866214,0.09449745187606588,0.5915222707164338,3.174325928552602,1.9847344592972924,0.3692831653158345,0.3692831646319093,0.19978272998261673,0.3692831653158345,0.0,0.021516576710572277,0.0,0.0,0,test,normal
2020-07-10 08:26:00,-0.011,9.309,9.296666,-0.020333333,9.310333,67.987495,3.7220833,1.0,0.0,1.0,1.0,0.0,1.0,1.0,1.0,1.5895459978841244,9.100425434112548,7.48586267697004,-0.004108729818835854,9.101241254806519,68.7599604288737,3.1180912710105377,0.8250000004967054,0.17499999950329462,0.9130952393015226,0.8250000004967054,0.0,0.9972222218910853,1.0,1.0,3.269319075370041,0.5873741867533736,3.2381665035084097,0.09449745187606588,0.5862204617119395,3.1646975697073434,1.9480958103973396,0.3544511149538231,0.35445111424127895,0.19292339043873702,0.3544511149538231,0.0,0.021516576710572277,0.0,0.0,0,test,normal
2020-07-10 08:27:00,-0.010666666,9.174666,9.163667,-0.02,9.177333,67.208336,3.7095833,1.0,0.0,1.0,1.0,0.0,1.0,1.0,1.0,1.5895515534561127,9.085897652308146,7.471179334990059,-0.004247618714968363,9.086774587631226,68.66232159932454,3.116605160323282,0.8250000004967054,0.17499999950329462,0.9130952393015226,0.8250000004967054,0.0,0.9972222218910853,1.0,1.0,3.269316309736835,0.5742143387145193,3.2283495955189876,0.09451487094033832,0.5730905683271071,3.1196239456873496,1.9476017150583955,0.3544511149538231,0.35445111424127895,0.19292339043873702,0.3544511149538231,0.0,0.021516576710572277,0.0,0.0,0,test,normal
2020-07-10 08:28:00,-0.010333333,9.046333,9.033667,-0.02,9.049,67.61667,1.8733333,1.0,0.0,1.0,1.0,0.0,1.0,1.0,1.0,1.5896071090207746,9.07338654200236,7.458646004072701,-0.004236507602036,9.07429124514262,68.57551600138346,3.085091272679468,0.8250000004967054,0.17499999950329462,0.9130952393015226,0.8250000004967054,0.0,0.9972222218910853,1.0,1.0,3.269288632663938,0.5665852444305447,3.2206624128829136,0.0945129471781213,0.5654422299815761,3.0739598154781698,1.952238157118992,0.3544511149538231,0.35445111424127895,0.19292339043873702,0.3544511149538231,0.0,0.021516576710572277,0.0,0.0,0,test,normal
2020-07-10 08:29:00,-0.011333334,8.9210005,8.909333,-0.02,8.922667,66.225,0.042083334,1.0,0.0,1.0,1.0,0.0,1.0,1.0,1.0,1.5896071090207746,9.061975447336833,7.44726822442996,-0.004214285407215357,9.062907902399699,68.48044649759929,3.0230704395721357,0.8250000004967054,0.17499999950329462,0.9130952393015226,0.8250000004967054,0.0,0.9972222218910853,1.0,1.0,3.269288632663938,0.5625637236617143,3.214197433041699,0.09450901585040497,0.5614241110529027,3.056640898790822,1.9890883931854677,0.3544511149538231,0.35445111424127895,0.19292339043873702,0.3544511149538231,0.0,0.021516576710572277,0.0,0.0,0,test,normal
2020-07-10 08:30:00,-0.011333334,8.794,8.783,-0.020666666,8.797,64.9375,0.041666668,1.0,0.0,1.0,1.0,0.0,1.0,1.0,1.0,1.5896015534487864,9.051286554336547,7.436607115141427,-0.004214285407215357,9.05223568280538,68.3914187113444,2.961077387693028,0.8250000004967054,0.17499999950329462,0.9130952393015226,0.8250000004967054,0.0,0.9972222218910853,1.0,1.0,3.2692913989926065,0.5614412215118043,3.208590176790355,0.09450901585040497,0.5602708781125033,3.0810566052222836,2.0233600051651606,0.3544511149538231,0.35445111424127895,0.19292339043873702,0.3544511149538231,0.0,0.021516576710572277,0.0,0.0,0,test,normal
2020-07-10 08:31:00,-0.011666667,8.671666,8.660333,-0.02,8.674334,64.1875,0.042083334,1.0,0.0,1.0,1.0,0.0,1.0,1.0,1.0,1.589590442335854,9.041192102432252,7.426529320748523,-0.004192063212394714,9.04215235710144,68.3153076171875,2.898980165272951,0.8250000004967054,0.17499999950329462,0.9130952393015226,0.8250000004967054,0.0,0.9972222218910853,1.0,1.0,3.2692969321746976,0.5627513996696403,3.2036959407803107,0.0945050790451926,0.5615571617504613,3.1279913188079496,2.055102495112015,0.3544511149538231,0.35445111424127895,0.19292339043873702,0.3544511149538231,0.0,0.021516576710572277,0.0,0.0,0,test,normal
2020-07-10 08:32:00,-0.011333334,8.551667,8.540667,-0.02,8.554,63.61667,0.042083334,1.0,0.0,1.0,1.0,0.0,1.0,1.0,1.0,1.5895959978767982,9.031575441360474,7.416912643782173,-0.004186507655928532,9.032535696029663,68.23933550516765,2.837355166611572,0.8250000004967054,0.17499999950329462,0.9130952393015226,0.8250000004967054,0.0,0.9972222218910853,1.0,1.0,3.2692941653093333,0.5661510414505153,3.199396656207152,0.0945041238779139,0.5649402322200955,3.186269978518614,2.0846928692333093,0.3544511149538231,0.35445111424127895,0.19292339043873702,0.3544511149538231,0.0,0.021516576710572277,0.0,0.0,0,test,normal
2020-07-10 08:33:00,-0.011666667,8.435333,8.425,-0.02,8.437333,63.345837,0.042083334,1.0,0.0,1.0,1.0,0.0,1.0,1.0,1.0,1.589590442335854,9.022403208414714,7.407773757648344,-0.004180952099462351,9.023357915878297,68.16822452545166,2.7760912807037434,0.8250000004967054,0.17499999950329462,0.9130952393015226,0.8250000004967054,0.0,0.9972222218910853,1.0,1.0,3.2692969321746976,0.5713416042400713,3.1956564344279093,0.09450316836885117,0.570125161403556,3.2475196860304916,2.112206965876924,0.3544511149538231,0.35445111424127895,0.19292339043873702,0.3544511149538231,0.0,0.021516576710572277,0.0,0.0,0,test,normal
2020-07-10 08:34:00,-0.011666667,8.320001,8.308667,-0.02,8.322,62.958332,0.042083334,1.0,0.0,1.0,1.0,0.0,1.0,1.0,1.0,1.5895848867949098,9.013658777872722,7.399034874311959,-0.004180952099462351,9.014596796035766,68.1000301361084,2.776063502890368,0.8250000004967054,0.17499999950329462,0.9130952393015226,0.8250000004967054,0.0,0.9972222218910853,1.0,1.0,3.2692996990281196,0.5780832384404542,3.192408206561873,0.09450316836885117,0.576869841317041,3.3136854827330353,2.1122435188104975,0.3544511149538231,0.35445111424127895,0.19292339043873702,0.3544511149538231,0.0,0.021516576710572277,0.0,0.0,0,test,normal
2020-07-10 08:35:00,-0.011999999,8.206333,8.195666,-0.02,8.210334,62.441666,0.042083334,1.0,0.0,1.0,1.0,0.0,1.0,1.0,1.0,1.5895793312539657,9.005342102050781,7.390729308795804,-0.004169840986529986,9.006280136108398,68.04933573404948,2.7760565584525465,0.8250000004967054,0.17499999950329462,0.9130952393015226,0.8250000004967054,0.0,0.9972222218910853,1.0,1.0,3.2693024664456334,0.5861276815049029,3.189629080707765,0.09450123639713154,0.5848866789354175,3.3770560586178013,2.112252658956223,0.3544511149538231,0.35445111424127895,0.19292339043873702,0.3544511149538231,0.0,0.021516576710572277,0.0,0.0,0,test,normal
2020-07-10 08:36:00,4.032,8.187667,4.045,-0.020333333,8.189334,62.029163,2.8416665,0.5,0.5,0.5,0.5,0.0,1.0,1.0,1.0,1.656973776780069,8.99898099899292,7.315490429274117,-0.004158729873597622,8.999880139033,68.00662733713786,2.8227162772168715,0.816666667163372,0.18333333283662795,0.9047619059681893,0.816666667163372,0.0,0.9972222218910853,1.0,1.0,3.2774030852934217,0.5929709019318067,3.214740686498035,0.09449926320011101,0.5917648718837277,3.4371931613406828,2.0815335518762823,0.3561406433871013,0.3561406426779375,0.19978272998261673,0.3561406433871013,0.0,0.021516576710572277,0.0,0.0,0,test,normal
2020-07-10 08:37:00,9.301714,9.150857,-0.012857144,-0.020285713,9.150286,66.05357,5.9303575,0.0,1.0,0.85714287,0.0,0.0,1.0,1.0,1.0,1.8122134536349526,9.01108972231547,7.175053927892198,-0.004157936200499535,9.0119460105896,68.04321467081705,2.920861123688519,0.8000000004967054,0.19999999950329464,0.9023809537291527,0.8000000004967054,0.0,0.9972222218910853,1.0,1.0,3.4146972459090703,0.5884380980230683,3.34728571680003,0.09449912525150646,0.5872354802325865,3.403809612298565,2.0870033087862496,0.3705241359076975,0.3705241352260629,0.1994795072602407,0.3705241359076975,0.0,0.021516576710572277,0.0,0.0,0,test,normal
2020-07-10 08:38:00,6.8663335,9.998334,3.3700001,-0.019333333,9.997001,71.77917,5.3766665,0.33333334,0.6666667,0.33333334,0.33333334,0.0,1.0,1.0,1.0,1.9268523450319965,9.041767517725626,7.095420600567013,-0.004130158418168624,9.042534907658895,68.18946469624838,3.009784732758999,0.7888888895511628,0.21111111094554266,0.89126984278361,0.7888888895511628,0.0,0.9972222218910853,1.0,1.0,3.4674689876368463,0.5911659854546588,3.3804179396760663,0.09449433549395003,0.5899885422772648,3.3719964779950895,2.075865191912203,0.3744005455979876,0.3744005455380251,0.2121164795450768,0.3744005455979876,0.0,0.021516576710572277,0.0,0.0,0,test,normal
2020-07-10 08:39:00,-0.018333333,9.948333,9.941,-0.020333333,9.948333,71.49167,3.75875,1.0,0.0,1.0,1.0,0.0,1.0,1.0,1.0,1.7889579070421557,9.06677861213684,7.261442822528382,-0.004113491779814164,9.067529344558716,68.33640918731689,2.9776111150781315,0.8055555562178294,0.194444444278876,0.9023809537291527,0.8055555562178294,0.0,0.9972222218910853,1.0,1.0,3.374807760162957,0.5973178487666626,3.26775688021783,0.0944913379609107,0.5961374145781285,3.3193089836087983,2.0484120032265887,0.36069438442366386,0.36069438438476326,0.1994795072602407,0.36069438442366386,0.0,0.021516576710572277,0.0,0.0,0,test,normal
2020-07-10 08:40:00,-0.013333333,9.743667,9.731,-0.019666666,9.744667,70.82083,3.8062499,1.0,0.0,1.0,1.0,0.0,1.0,1.0,1.0,1.627474571345374,9.074317502975465,7.423842821642756,-0.0041023806668818,9.075107129414876,68.39008973439535,2.940701387822628,0.8222222228844961,0.1777777776122093,0.9079365089535714,0.8222222228844961,0.0,0.9972222218910853,1.0,1.0,3.219258210194221,0.6030272598940121,3.1397253336865485,0.09448943754150545,0.6018754043322943,3.333212610276004,2.0122809909773203,0.3456300588983088,0.3456300588820704,0.19743476785825415,0.3456300588983088,0.0,0.021516576710572277,0.0,0.0,0,test,normal
2020-07-10 08:41:00,-0.011333334,9.55,9.538333,-0.020333333,9.551333,70.07917,3.7654169,1.0,0.0,1.0,1.0,0.0,1.0,1.0,1.0,1.486285681805263,9.066823053359986,7.554953924939037,-0.004096825110415618,9.067679357528686,68.36189530690511,2.9078749999403954,0.8361111116906007,0.16388888905445734,0.9162698422869047,0.8361111116906007,0.0,0.9972222218910853,1.0,1.0,3.0980037611872167,0.5940596144446695,3.0586547574824117,0.09448845692285493,0.5929898580137036,3.311213421145157,1.981758371076688,0.335433589945332,0.33543359045356796,0.19034961546599516,0.335433589945332,0.0,0.021516576710572277,0.0,0.0,0,test,normal
2020-07-10 08:42:00,-0.011999999,9.377666,9.366,-0.02,9.38,68.97083,3.7375,1.0,0.0,1.0,1.0,0.0,1.0,1.0,1.0,1.4863856818371763,9.059317493438721,7.547382513806224,-0.004087301312635342,9.060236517588297,68.30980205535889,2.9073630914092066,0.8361111116906007,0.16388888905445734,0.9162698422869047,0.8361111116906007,0.0,0.9972222218910853,1.0,1.0,3.097954478010095,0.5870835109754738,3.053510042996007,0.09448679703320097,0.5860653930558415,3.2758623488073275,1.981536324371683,0.335433589945332,0.33543359045356796,0.19034961546599516,0.335433589945332,0.0,0.021516576710572277,0.0,0.0,0,test,normal
2020-07-10 08:43:00,-0.011666667,9.229667,9.217999,-0.020333333,9.231334,68.09583,3.7408333,1.0,0.0,1.0,1.0,0.0,1.0,1.0,1.0,1.486407904063041,9.05554526646932,7.543604723736644,-0.004087301312635342,9.056480979919433,68.25306593577066,2.9068630918860436,0.8361111116906007,0.16388888905445734,0.9162698422869047,0.8361111116906007,0.0,0.9972222218910853,1.0,1.0,3.097943545095189,0.5852156445245701,3.051262334359071,0.09448679703320097,0.584201000581617,3.2490427644842304,1.9813185257205128,0.335433589945332,0.33543359045356796,0.19034961546599516,0.335433589945332,0.0,0.021516576710572277,0.0,0.0,0,test,normal
2020-07-10 08:44:00,-0.011,9.078667,9.067333,-0.019666666,9.080333,66.924995,3.7229166,1.0,0.0,1.0,1.0,0.0,1.0,1.0,1.0,1.4864190151759733,9.054317490259807,7.5423769475271305,-0.004059523561348518,9.055264314015707,68.19501031239828,2.906640869875749,0.8361111116906007,0.16388888905445734,0.9162698422869047,0.8361111116906007,0.0,0.9972222218910853,1.0,1.0,3.097938082209883,0.5850864042172723,3.0506234295596992,0.09448188587637897,0.5840718781043901,3.240989655412921,1.9812246716547164,0.335433589945332,0.33543359045356796,0.19034961546599516,0.335433589945332,0.0,0.021516576710572277,0.0,0.0,0,test,normal
2020-07-10 08:45:00,-0.011999999,8.744333,8.734,-0.020333333,8.747334,66.770836,1.8770833,1.0,0.0,1.0,1.0,0.0,1.0,1.0,1.0,1.486402348522097,9.049984153111776,7.538054736579458,-0.004070634674280882,9.050958760579427,68.14730205535889,2.8756061499317487,0.8361111116906007,0.16388888905445734,0.9162698422869047,0.8361111116906007,0.0,0.9972222218910853,1.0,1.0,3.097946277423246,0.5864241692970655,3.048715948826692,0.09448379157301215,0.585394358619307,3.240526646201301,1.9825463912285406,0.335433589945332,0.33543359045356796,0.19034961546599516,0.335433589945332,0.0,0.021516576710572277,0.0,0.0,0,test,normal
2020-07-10 08:46:00,-0.011999999,8.612333,8.601,-0.02,8.614667,66.0,0.0425,1.0,0.0,1.0,1.0,0.0,1.0,1.0,1.0,1.4863967929811528,9.046211926142375,7.534293619915843,-0.004048412479460239,9.047169876098632,68.10542697906494,2.8141478123143315,0.8361111116906007,0.16388888905445734,0.9162698422869047,0.8361111116906007,0.0,0.9972222218910853,1.0,1.0,3.097949009738762,0.5885306983123055,3.0472381205734584,0.09447981935661139,0.5875016365745956,3.25194097360667,2.0125403246259155,0.335433589945332,0.33543359045356796,0.19034961546599516,0.335433589945332,0.0,0.021516576710572277,0.0,0.0,0,test,normal
2020-07-10 08:47:00,-0.0106666675,8.476666,8.466333,-0.02,8.4800005,64.604164,0.041666668,1.0,0.0,1.0,1.0,0.0,1.0,1.0,1.0,1.486402348522097,9.04422303835551,7.53232695274055,-0.004037301366527875,9.045197661717733,68.05549640655518,2.7531894811739526,0.8361111116906007,0.16388888905445734,0.9162698422869047,0.8361111116906007,0.0,0.9972222218910853,1.0,1.0,3.0979462792469374,0.5902769856031144,3.0465869542780113,0.09447787105585566,0.5892299731529587,3.2826866981620815,2.0404769856230334,0.335433589945332,0.33543359045356796,0.19034961546599516,0.335433589945332,0.0,0.021516576710572277,0.0,0.0,0,test,normal
2020-07-10 08:48:00,-0.011666667,8.350667,8.339,-0.019666666,8.354667,63.904163,0.042083334,1.0,0.0,1.0,1.0,0.0,1.0,1.0,1.0,1.4863912374091646,9.04390082359314,7.531988064572215,-0.0040206346971293295,9.04490876197815,68.00473238627116,2.7224672596280772,0.8361111116906007,0.16388888905445734,0.9162698422869047,0.8361111116906007,0.0,0.9972222218910853,1.0,1.0,3.097951742056999,0.590656416713925,3.04649453226277,0.09447497593828622,0.5895697877799236,3.323370558477817,2.0674624949869984,0.335433589945332,0.33543359045356796,0.19034961546599516,0.335433589945332,0.0,0.021516576710572277,0.0,0.0,0,test,normal
2020-07-10 08:49:00,3.2906666,8.144667,4.054667,-0.019333333,8.148334,63.170834,2.7133331,0.5,0.5,0.8333333,0.5,0.0,1.0,1.0,1.0,1.5414245693168291,9.043373044331869,7.463449184224009,-0.004015079140663147,9.044403219223023,67.95299625396729,2.7669811451186734,0.8277777783572674,0.17222222238779067,0.91349206417799,0.8277777783572674,0.0,0.9972222218910853,1.0,1.0,3.100222805917417,0.5914583715827944,3.0780614479733304,0.09447405008279902,0.5903376654911312,3.3745225183174945,2.037315609559985,0.33749752912032394,0.33749752960674334,0.19032311311690428,0.33749752912032394,0.0,0.021516576710572277,0.0,0.0,0,test,normal
2020-07-10 08:50:00,9.072666,8.952333,-0.014666666,-0.02,8.952333,66.441666,5.8650002,0.0,1.0,0.6666667,0.0,0.0,1.0,1.0,1.0,1.58627456111523,9.054139709472656,7.441032517251248,-0.003998412471264601,9.055158774058023,67.95612125396728,2.787168650204937,0.8250000004967054,0.17500000049670536,0.9162698422869047,0.8250000004967054,0.0,0.9972222218910853,1.0,1.0,3.189608313844922,0.5836423189022321,3.127977173878838,0.09447109105755813,0.5825017298567519,3.3730091182776634,2.0621776067638864,0.34366064113109335,0.3436606420864855,0.18533681993718268,0.34366064113109335,0.0,0.021516576710572277,0.0,0.0,0,test,normal
2020-07-10 08:51:00,10.088666,9.810333,-0.011333334,-0.020666666,9.807667,72.45417,6.1075,0.0,1.0,0.33333334,0.0,0.0,1.0,1.0,1.0,1.5988634435615192,9.062600819269816,7.441060295018057,-0.004009523584196965,9.063592100143433,67.98014901479085,2.79007837412258,0.8250000004967054,0.17500000049670536,0.9107142865657807,0.8250000004967054,0.0,0.9972222218910853,1.0,1.0,3.222028802368682,0.5909405119643709,3.127909863629217,0.09447304414943825,0.5897489020216441,3.400175882172419,2.0668094415571345,0.34366064113109335,0.3436606420864855,0.19753977703738054,0.34366064113109335,0.0,0.021516576710572277,0.0,0.0,0,test,normal
2020-07-10 08:52:00,-0.021,10.028333,10.025666,-0.019666666,10.027,74.05417,3.8004167,1.0,0.0,1.0,1.0,0.0,1.0,1.0,1.0,1.5001745534905544,9.062667481104533,7.5244047307098905,-0.015276190141836803,9.063664325078328,67.98146851857503,2.7683978163947662,0.8333333338300387,0.16666666716337203,0.919047619899114,0.8333333338300387,0.0,1.0,1.0,1.0,3.178432751313091,0.5910510555109675,3.129064001688368,0.03754328734832764,0.5898686012683982,3.402556258386966,2.0488998307525765,0.3417028363133834,0.3417028372988871,0.19033489192554634,0.3417028363133834,0.0,0.0,0.0,0.0,0,test,normal
2020-07-10 08:53:00,-0.014333334,9.806666,9.795667,-0.02,9.806334,73.566666,3.7450001,1.0,0.0,1.0,1.0,0.0,1.0,1.0,1.0,1.50022455349875,9.060850811004638,7.522515851569673,-0.015276190141836803,9.061858781178792,67.97605177561442,2.7680019859224556,0.8333333338300387,0.16666666716337203,0.919047619899114,0.8333333338300387,0.0,1.0,1.0,1.0,3.1784084982516667,0.5885470264101994,3.127634008476791,0.03754328734832764,0.5873801479655509,3.393233892459001,2.048705580345737,0.3417028363133834,0.3417028372988871,0.19033489192554634,0.3417028363133834,0.0,0.0,0.0,0.0,0,test,normal
2020-07-10 08:54:00,-0.011999999,9.636333,9.622333,-0.020333333,9.636,72.549995,3.74125,1.0,0.0,1.0,1.0,0.0,1.0,1.0,1.0,1.5002356646427264,9.059639708201091,7.521288059465587,-0.01527063458537062,9.060636552174886,67.95070451100668,2.767703374599417,0.8333333338300387,0.16666666716337203,0.919047619899114,0.8333333338300387,0.0,1.0,1.0,1.0,3.178403120976415,0.5872640372663617,3.1267806615148266,0.03754250081475828,0.5860849071960398,3.3523687873681176,2.0485599639883465,0.3417028363133834,0.3417028372988871,0.19033489192554634,0.3417028363133834,0.0,0.0,0.0,0.0,0,test,normal
2020-07-10 08:55:00,-0.011666667,9.483001,9.469334,-0.02,9.482667,70.78333,3.7233334,1.0,0.0,1.0,1.0,0.0,1.0,1.0,1.0,1.5002356646427264,9.058784166971842,7.52042695513616,-0.015276190141836803,9.059786558151245,67.9420934677124,2.7676825407892465,0.8333333338300387,0.16666666716337203,0.919047619899114,0.8333333338300387,0.0,1.0,1.0,1.0,3.178403120976415,0.586597783819402,3.126227679273875,0.03754318702454472,0.5854238573922774,3.344273621457378,2.0485500739321756,0.3417028363133834,0.3417028372988871,0.19033489192554634,0.3417028363133834,0.0,0.0,0.0,0.0,0,test,normal
2020-07-10 08:56:00,-0.011999999,9.336333,9.323334,-0.02,9.335334,69.10834,3.705,1.0,0.0,1.0,1.0,0.0,1.0,1.0,1.0,1.5002301091017822,9.058178615570068,7.5198102934286,-0.01527063458537062,9.059164349238078,67.93021844228109,2.767335319891572,0.8333333338300387,0.16666666716337203,0.919047619899114,0.8333333338300387,0.0,1.0,1.0,1.0,3.178405808716327,0.5862869389789008,3.1258622263612845,0.03754245065184941,0.5851054341155386,3.3387498337543824,2.0483866777724513,0.3417028363133834,0.3417028372988871,0.19033489192554634,0.3417028363133834,0.0,0.0,0.0,0.0,0,test,normal
2020-07-10 08:57:00,-0.011142857,9.185715,9.172857,-0.01942857,9.185428,68.167854,3.759643,1.0,0.0,1.0,1.0,0.0,1.0,1.0,1.0,1.5002277281445762,9.057568311691284,7.5191912475352485,-0.015249999643613895,9.05854926109314,67.92843265533448,2.768127986167868,0.8333333338300387,0.16666666716337203,0.919047619899114,0.8333333338300387,0.0,1.0,1.0,1.0,3.178406960026087,0.5861322026117407,3.125525487538649,0.03753977465204758,0.5849503746042399,3.338590946004002,2.0487676309652025,0.3417028363133834,0.3417028372988871,0.19033489192554634,0.3417028363133834,0.0,0.0,0.0,0.0,0,test,normal
2020-07-10 08:58:00,-0.011,9.039333,9.027333,-0.02,9.039666,68.025,2.50375,1.0,0.0,1.0,1.0,0.0,1.0,1.0,1.0,1.5002332837165644,9.056923866271973,7.518563475521902,-0.01523888853068153,9.057910362879435,67.92343260447184,2.7480377121518056,0.8333333338300387,0.16666666716337203,0.919047619899114,0.8333333338300387,0.0,1.0,1.0,1.0,3.1784042734613855,0.5861306141841399,3.1252135116286395,0.037538242870034884,0.5849497044838167,3.338211580986056,2.0452905994196744,0.3417028363133834,0.3417028372988871,0.19033489192554634,0.3417028363133834,0.0,0.0,0.0,0.0,0,test,normal
2020-07-10 08:59:00,-0.011666667,8.905,8.893666,-0.019666666,8.905666,68.5,0.043333333,1.0,0.0,1.0,1.0,0.0,1.0,1.0,1.0,1.5002277281756202,9.056440528233846,7.518080137483776,-0.015233332974215348,9.057404804229737,67.91989091237386,2.7173779875660937,0.8333333338300387,0.16666666716337203,0.919047619899114,0.8333333338300387,0.0,1.0,1.0,1.0,3.178406960603583,0.5862456442444596,3.1249949107243076,0.037537550955659145,0.5850699506961624,3.3374728706831527,2.072091365557247,0.3417028363133834,0.3417028372988871,0.19033489192554634,0.3417028363133834,0.0,0.0,0.0,0.0,0,test,normal
2020-07-10 09:00:00,-0.011666667,8.773,8.761333,-0.019666666,8.774667,66.729164,0.042083334,1.0,0.0,1.0,1.0,0.0,1.0,1.0,1.0,1.5002166170626878,9.056068309148152,7.5177134656036895,-0.015227777417749166,9.057038148244223,67.91121031443278,2.717371043128272,0.8333333338300387,0.16666666716337203,0.919047619899114,0.8333333338300387,0.0,1.0,1.0,1.0,3.178412334274043,0.5864213001314232,3.124845222814444,0.03753685819235581,0.5852429896284795,3.3399211902672015,2.072100482804082,0.3417028363133834,0.3417028372988871,0.19033489192554634,0.3417028363133834,0.0,0.0,0.0,0.0,0,test,normal
2020-07-10 09:01:00,-0.011666667,8.647667,8.636666,-0.02,8.650333,65.35,0.042083334,1.0,0.0,1.0,1.0,0.0,1.0,1.0,1.0,1.5002078869069615,9.056034183502197,7.517691244992117,-0.015223015534381072,9.057015132904052,67.90347220102946,2.7173640986904504,0.8333333338300387,0.16666666716337203,0.919047619899114,0.8333333338300387,0.0,1.0,1.0,1.0,3.178416556606979,0.5864454069789162,3.12483712622641,0.03753622379035823,0.5852592265389176,3.3453951621227205,2.072109599987133,0.3417028363133834,0.3417028372988871,0.19033489192554634,0.3417028363133834,0.0,0.0,0.0,0.0,0,test,normal
2020-07-10 09:02:00,-0.010666666,8.529,8.518333,-0.020333333,8.532001,64.6875,0.041666668,1.0,0.0,1.0,1.0,0.0,1.0,1.0,1.0,1.5002412202768027,9.056373071670532,7.518046790671845,-0.015211904421448708,9.057365131378173,67.89902769724527,2.717371043128272,0.8333333338300387,0.16666666716337203,0.919047619899114,0.8333333338300387,0.0,1.0,1.0,1.0,3.178400431994279,0.586129529659941,3.1249516527011396,0.037534583393364476,0.5849333514097954,3.3495544062409928,2.072100479963915,0.3417028363133834,0.3417028372988871,0.19033489192554634,0.3417028363133834,0.0,0.0,0.0,0.0,0,test,normal
2020-07-10 09:03:00,-0.011999999,8.411667,8.401334,-0.02,8.414666,64.03333,0.040833335,1.0,0.0,1.0,1.0,0.0,1.0,1.0,1.0,1.5002412202768027,9.05685084660848,7.518546802115937,-0.015200793308516343,9.057848453521729,67.8943053563436,2.7173571542526287,0.8333333338300387,0.16666666716337203,0.919047619899114,0.8333333338300387,0.0,1.0,1.0,1.0,3.178400431994279,0.5855827650230209,3.1250928947919627,0.03753303993080665,0.5843806493449185,3.3548860500990387,2.072118721366614,0.3417028363133834,0.3417028372988871,0.19033489192554634,0.3417028363133834,0.0,0.0,0.0,0.0,0,test,normal
2020-07-10 09:04:00,-0.012666668,8.299333,8.288333,-0.02,8.301666,63.391666,0.042083334,1.0,0.0,1.0,1.0,0.0,1.0,1.0,1.0,1.5002356647048145,9.057467492421468,7.519174574129283,-0.015189682195583979,9.05848733584086,67.88694426218669,2.7173571542526287,0.8333333338300387,0.16666666716337203,0.919047619899114,0.8333333338300387,0.0,1.0,1.0,1.0,3.178403120946387,0.5847508107700028,3.1252462359646445,0.03753149305960239,0.5835176290294618,3.3644184184200596,2.072118721366614,0.3417028363133834,0.3417028372988871,0.19033489192554634,0.3417028363133834,0.0,0.0,0.0,0.0,0,test,normal
2020-07-10 09:05:00,-0.011999999,8.190667,8.180667,-0.019333333,8.193334,63.016666,0.04125,1.0,0.0,1.0,1.0,0.0,1.0,1.0,1.0,1.460469000817587,9.059061940511068,7.587702360066275,-0.01516745996971925,9.06008178393046,67.88458309173583,2.674891876926025,0.841666667163372,0.1583333338300387,0.9218253980080287,0.841666667163372,0.0,1.0,1.0,1.0,3.1822096767500905,0.5822068515962249,3.09322600667314,0.0375285898159828,0.5809728656903376,3.3678412039712637,2.100701264786977,0.33952581269873205,0.3395258137153504,0.1902789333627128,0.33952581269873205,0.0,0.0,0.0,0.0,0,test,normal
2020-07-10 09:06:00,4.772,8.2300005,2.688,-0.020333333,8.232667,62.545834,3.7124999,0.33333334,0.6666667,1.0,0.33333334,0.0,1.0,1.0,1.0,1.3906078987134,9.04947862625122,7.632757915013159,-0.015173015526185434,9.050554005304972,67.84159698486329,2.639482152213653,0.847222222884496,0.15277777860562006,0.9273809532324473,0.847222222884496,0.0,1.0,1.0,1.0,3.058293765463897,0.5911237352151254,2.998852639952388,0.03752934199269606,0.5898577858164074,3.41972094024289,2.0640824570703495,0.32805376289029137,0.328053764750835,0.18754939350051827,0.32805376289029137,0.0,0.0,0.0,0.0,0,test,normal
2020-07-10 09:07:00,9.226334,9.123667,-0.014333334,-0.020333333,9.122001,66.145836,5.8770833,0.0,1.0,0.0,0.0,0.0,1.0,1.0,1.0,1.380169027329733,9.039961957931519,7.632719026102374,-0.01516745996971925,9.041054010391235,67.75979156494141,2.6367460367580255,0.847222222884496,0.15277777860562006,0.9218253975113233,0.847222222884496,0.0,1.0,1.0,1.0,3.0298574064668005,0.5851265392724073,2.998953470353986,0.03752853963447966,0.5839119450345285,3.4002205744989675,2.0596006399159497,0.32805376289029137,0.328053764750835,0.20913878056729268,0.32805376289029137,0.0,0.0,0.0,0.0,0,test,normal
2020-07-10 09:08:00,8.348666,9.875667,1.6833333,-0.019333333,9.872666,71.191666,5.7112503,0.16666667,0.8333333,1.0,0.16666667,0.0,1.0,1.0,1.0,1.4616912417424222,9.037456401189168,7.549457923664401,-0.015184126639117798,9.038531796137493,67.73006935119629,2.655593263854583,0.83888888930281,0.16111111144224802,0.9218253975113233,0.83888888930281,0.0,1.0,1.0,1.0,3.1501108595440517,0.5811409802366572,3.0937313824992647,0.037530191466380196,0.5799072477624424,3.3614334850392518,2.0827326443879532,0.33888966003798554,0.3388896610440912,0.20913878056729268,0.33888966003798554,0.0,0.0,0.0,0.0,0,test,normal
2020-07-10 09:09:00,-0.019,9.992667,9.987,-0.019666666,9.991,72.691666,3.7983334,1.0,0.0,1.0,1.0,0.0,1.0,1.0,1.0,1.4616301306368162,9.041067520777384,7.553135705087334,-0.015178571082651615,9.042142915725709,67.72277755737305,2.6554890987773736,0.83888888930281,0.16111111144224802,0.9218253975113233,0.83888888930281,0.0,1.0,1.0,1.0,3.150140034419146,0.5864568137635481,3.096541325247656,0.03752949115966805,0.5852170788765785,3.3499779755819006,2.082674360681653,0.33888966003798554,0.3388896610440912,0.20913878056729268,0.33888966003798554,0.0,0.0,0.0,0.0,0,test,normal
2020-07-10 09:10:00,-0.013,9.5963335,9.585334,-0.02,9.597667,72.36666,3.7325,1.0,0.0,1.0,1.0,0.0,1.0,1.0,1.0,1.4616079084109515,9.043039751052856,7.555102372262627,-0.01516190441325307,9.044120693206787,67.71701354980469,2.6543710427979628,0.83888888930281,0.16111111144224802,0.9218253975113233,0.83888888930281,0.0,1.0,1.0,1.0,3.1501506084275666,0.588147642054514,3.0978148815072295,0.037527084043121633,0.5869165413863793,3.3415339752636193,2.0820676768915307,0.33888966003798554,0.3388896610440912,0.20913878056729268,0.33888966003798554,0.0,0.0,0.0,0.0,0,test,normal
2020-07-10 09:11:00,-0.011,9.250667,9.24,-0.019333333,9.252334,71.262505,3.75,1.0,0.0,1.0,1.0,0.0,1.0,1.0,1.0,1.4616023528389632,9.042123079299927,7.5541912636098765,-0.01513968218738834,9.043209584554036,67.72048581441244,2.654655766238769,0.83888888930281,0.16111111144224802,0.9218253975113233,0.83888888930281,0.0,1.0,1.0,1.0,3.1501532492163826,0.5877741228420171,3.0973025776070457,0.03752416372925089,0.5865438526955321,3.3451667331693584,2.082218830800191,0.33888966003798554,0.3388896610440912,0.20913878056729268,0.33888966003798554,0.0,0.0,0.0,0.0,0,test,normal
2020-07-10 09:12:00,-0.010666666,9.096667,9.0859995,-0.020333333,9.098333,69.666664,3.7345831,1.0,0.0,1.0,1.0,0.0,1.0,1.0,1.0,1.4616134639829397,9.040811983744304,7.552891246570895,-0.01513968218738834,9.041920693715413,67.73430519104004,2.6545307633777457,0.83888888930281,0.16111111144224802,0.9218253975113233,0.83888888930281,0.0,1.0,1.0,1.0,3.1501479670287447,0.5875596441842063,3.096631744223126,0.03752416372925089,0.5863327830567607,3.3515660778828544,2.082152666334535,0.33888966003798554,0.3388896610440912,0.20913878056729268,0.33888966003798554,0.0,0.0,0.0,0.0,0,test,normal
2020-07-10 09:13:00,-0.011999999,8.875667,8.865666,-0.02,8.878333,68.7875,3.7387497,1.0,0.0,1.0,1.0,0.0,1.0,1.0,1.0,1.461585686216131,9.038011980056762,7.5501134634949265,-0.01513968218738834,9.039154020945231,67.74729131062826,2.6549890913069247,0.83888888930281,0.16111111144224802,0.9218253975113233,0.83888888930281,0.0,1.0,1.0,1.0,3.150161173856784,0.5879459826627909,3.0953566317984014,0.03752416372925089,0.5867127271839095,3.354154324487335,2.0823922290229646,0.33888966003798554,0.3388896610440912,0.20913878056729268,0.33888966003798554,0.0,0.0,0.0,0.0,0,test,normal
2020-07-10 09:14:00,-0.011,8.759,8.75,-0.019666666,8.761666,68.229164,3.7,1.0,0.0,1.0,1.0,0.0,1.0,1.0,1.0,1.4615912417881192,9.036084191004436,7.548213474048922,-0.015134126630922158,9.037242889404297,67.7515968322754,2.6543502010405065,0.83888888930281,0.16111111144224802,0.9218253975113233,0.83888888930281,0.0,1.0,1.0,1.0,3.150158532506675,0.5886798143590002,3.0945713619535926,0.03752345661826474,0.587438386584025,3.354611905271711,2.0820600730241225,0.33888966003798554,0.3388896610440912,0.20913878056729268,0.33888966003798554,0.0,0.0,0.0,0.0,0,test,normal
2020-07-10 09:15:00,-0.011666667,8.556,8.547,-0.019333333,8.559,67.50833,2.5004168,1.0,0.0,1.0,1.0,0.0,1.0,1.0,1.0,1.4615912417881192,9.035850842793783,7.548002362344414,-0.015123015517989795,9.037026230494181,67.7377773284912,2.67444742495815,0.83888888930281,0.16111111144224802,0.9218253975113233,0.83888888930281,0.0,1.0,1.0,1.0,3.150158532506675,0.5888704417865244,3.0945016223650272,0.037522090036999946,0.5876152564785541,3.353865152361179,2.074518405803968,0.33888966003798554,0.3388896610440912,0.20913878056729268,0.33888966003798554,0.0,0.0,0.0,0.0,0,test,normal
2020-07-10 09:16:00,-0.011428571,8.238286,8.227143,-0.02,8.240286,66.91071,0.0425,1.0,0.0,1.0,1.0,0.0,1.0,1.0,1.0,1.461589654504011,9.032400051752726,7.544571423623711,-0.015123015517989795,9.033586549758912,67.74003918965657,2.6744543693959715,0.83888888930281,0.16111111144224802,0.9218253975113233,0.83888888930281,0.0,1.0,1.0,1.0,3.1501592872786377,0.5929818337205673,3.093617769012989,0.037522090036999946,0.5917192796258478,3.353250553063625,2.0745094453062003,0.33888966003798554,0.3388896610440912,0.20913878056729268,0.33888966003798554,0.0,0.0,0.0,0.0,0,test,normal
2020-07-10 09:17:00,3.0903332,8.141666,4.052,-0.02,8.143001,66.604164,2.65625,0.5,0.5,0.6666667,0.5,0.0,1.0,1.0,1.0,1.513289652671665,9.029677820205688,7.473882524265597,-0.015128571074455976,9.030864350001018,67.75642814636231,2.7180168693885207,0.8305555559694767,0.16944444477558135,0.9162698422869047,0.8305555559694767,0.0,1.0,1.0,1.0,3.1510252746697036,0.5967407415454871,3.124521325610719,0.03752279884671294,0.5954854312230298,3.345110526994847,2.045545234164254,0.34100171781950056,0.3410017188008585,0.2114416051283159,0.34100171781950056,0.0,0.0,0.0,0.0,0,test,normal
2020-07-10 09:18:00,9.069333,8.900666,-0.014333334,-0.020333333,8.900333,68.683334,5.82375,0.0,1.0,0.33333334,0.0,0.0,1.0,1.0,1.0,1.6646285372786225,9.042100032170614,7.337904738044987,-0.015134126630922158,9.043253231048585,67.82073364257812,2.8143849252412716,0.81388888930281,0.18611111144224804,0.905158731341362,0.81388888930281,0.0,1.0,1.0,1.0,3.29150108049879,0.5858902916211569,3.269037726055687,0.0375235569947993,0.5846302951577604,3.3248267470917514,2.053507057432057,0.3566580417765106,0.3566580426793828,0.2241043342733825,0.3566580417765106,0.0,0.0,0.0,0.0,0,test,normal
2020-07-10 09:19:00,9.741,9.7803335,-0.011,-0.019,9.777667,73.441666,6.0400004,0.0,1.0,0.6666667,0.0,0.0,1.0,1.0,1.0,1.693702347856015,9.063919878005981,7.3380356904119255,-0.015117459961523612,9.06503340403239,67.95178527832032,2.8207361259808144,0.81388888930281,0.18611111144224804,0.9115079378088315,0.81388888930281,0.0,1.0,1.0,1.0,3.355461881523037,0.5886383128699586,3.26873817479968,0.03752158114128761,0.5872808008937787,3.3892927034628073,2.0630211945005907,0.3566580417765106,0.3566580426793828,0.2112870451097837,0.3566580417765106,0.0,0.0,0.0,0.0,0,test,normal
2020-07-10 09:20:00,1.745,10.047,8.342999,-0.019666666,10.046666,73.629166,4.1695833,0.8333333,0.16666667,0.8333333,0.8333333,0.0,1.0,1.0,1.0,1.5572856761825582,9.072286542256673,7.477296792514001,-0.015106348848591248,9.073444509506226,67.99803530375162,2.789409744615356,0.8277777778605621,0.17222222263614337,0.9115079378088315,0.8277777778605621,0.0,1.0,1.0,1.0,3.1765501988209084,0.5990673105152927,3.1250974596606027,0.03752010908695565,0.5977484120851504,3.4479949904128455,2.0271257014263258,0.34027609565169475,0.3402760966330836,0.2112870451097837,0.34027609565169475,0.0,0.0,0.0,0.0,0,test,normal
2020-07-10 09:21:00,-0.0139999995,9.789666,9.779,-0.019333333,9.79,73.57917,3.7558334,1.0,0.0,1.0,1.0,0.0,1.0,1.0,1.0,1.4678301262514044,9.067553202311197,7.555896801796432,-0.019939682042847077,9.068755610783894,68.02234090169271,2.7688750186314186,0.8361111111938954,0.16388888930281004,0.9170634930332502,0.8361111111938954,0.0,1.0,1.0,1.0,3.1432376282329444,0.5921026052330577,3.122651374379617,0.0003623237097140419,0.590851669830885,3.4825172249609357,2.0106509536873607,0.3382291122621902,0.33822911326196387,0.2091112130331917,0.3382291122621902,0.0,0.0,0.0,0.0,0,test,normal
2020-07-10 09:22:00,-0.011333334,9.597,9.584001,-0.019666666,9.596667,72.44583,3.7570832,1.0,0.0,1.0,1.0,0.0,1.0,1.0,1.0,1.4678967928979545,9.061747646331787,7.550002363370732,-0.019939682042847077,9.062927834192912,68.01671587626139,2.768361123278737,0.8361111111938954,0.16388888930281004,0.9170634930332502,0.8361111111938954,0.0,1.0,1.0,1.0,3.1432056800910946,0.5850153955234205,3.1184101671997126,0.0003623237097140419,0.5837306289462961,3.474961216353998,2.01039000922774,0.3382291122621902,0.33822911326196387,0.2091112130331917,0.3382291122621902,0.0,0.0,0.0,0.0,0,test,normal
2020-07-10 09:23:00,-0.010666666,9.388,9.376333,-0.019666666,9.39,70.59583,3.7162502,1.0,0.0,1.0,1.0,0.0,1.0,1.0,1.0,1.4679245706958075,9.0556365331014,7.54390236044613,-0.019934126486380894,9.056833394368489,67.98185475667317,2.766881958519419,0.8361111111938954,0.16388888930281004,0.9170634930332502,0.8361111111938954,0.0,1.0,1.0,1.0,3.1431923843080534,0.5795439618497429,3.114404404011809,0.0003639351167193421,0.578258725975292,3.437600350210707,2.0096468762001662,0.3382291122621902,0.33822911326196387,0.2091112130331917,0.3382291122621902,0.0,0.0,0.0,0.0,0,test,normal
2020-07-10 09:24:00,-0.010333333,9.132667,9.1206665,-0.018666666,9.135333,68.73333,3.7358334,1.0,0.0,1.0,1.0,0.0,1.0,1.0,1.0,1.4679301262367517,9.047958755493164,7.536246803449467,-0.019911904260516165,9.049188947677612,67.94025751749675,2.7654791830728453,0.8361111111938954,0.16388888930281004,0.9170634930332502,0.8361111111938954,0.0,1.0,1.0,1.0,3.1431897269210967,0.5753360108756094,3.10987587123741,0.0003988747852303525,0.5740535943936809,3.412649824502426,2.0089285652115993,0.3382291122621902,0.33822911326196387,0.2091112130331917,0.3382291122621902,0.0,0.0,0.0,0.0,0,test,normal
2020-07-10 09:25:00,-0.010333333,8.990001,8.979,-0.019666666,8.994,67.8375,3.7058334,1.0,0.0,1.0,1.0,0.0,1.0,1.0,1.0,1.4679301262367517,9.040330982208252,7.528669018593306,-0.019900793147583803,9.041605615615845,67.9156047821045,2.7649791835496824,0.8361111111938954,0.16388888930281004,0.9170634930332502,0.8361111111938954,0.0,1.0,1.0,1.0,3.1431897269210967,0.5729758976627771,3.1057252645698705,0.00039621293590737244,0.5716829217332842,3.407877575639822,2.0086866804284047,0.3382291122621902,0.33822911326196387,0.2091112130331917,0.3382291122621902,0.0,0.0,0.0,0.0,0,test,normal
2020-07-10 09:26:00,-0.011,8.849667,8.839334,-0.02,8.852666,67.799995,3.7083333,1.0,0.0,1.0,1.0,0.0,1.0,1.0,1.0,1.4679301262367517,9.032675425211588,7.521046808408573,-0.01989523759111762,9.033977826436361,67.9124797821045,2.7647500156114497,0.8361111111938954,0.16388888930281004,0.9170634930332502,0.8361111111938954,0.0,1.0,1.0,1.0,3.1431897269210967,0.5723936476557682,3.101871434755642,0.0003923634628071825,0.5710895489189257,3.4078965031252357,2.008576416486781,0.3382291122621902,0.33822911326196387,0.2091112130331917,0.3382291122621902,0.0,0.0,0.0,0.0,0,test,normal
2020-07-10 09:27:00,-0.011333334,8.713,8.703,-0.019333333,8.716333,67.32083,0.042916667,1.0,0.0,1.0,1.0,0.0,1.0,1.0,1.0,1.4679190150927752,9.02498099009196,7.513369030800337,-0.019884126478185257,9.026294501622518,67.91435470581055,2.703638905348877,0.8361111111938954,0.16388888930281004,0.9170634930332502,0.8361111111938954,0.0,1.0,1.0,1.0,3.1431950435099267,0.573554384308344,3.0983047685485055,0.00039873424035448505,0.5722281518584813,3.407533464407493,2.034948743119474,0.3382291122621902,0.33822911326196387,0.2091112130331917,0.3382291122621902,0.0,0.0,0.0,0.0,0,test,normal
2020-07-10 09:28:00,-0.010333333,8.579667,8.568666,-0.019666666,8.584,65.63333,0.04125,1.0,0.0,1.0,1.0,0.0,1.0,1.0,1.0,1.4679190150927752,9.017203219731648,7.505619028257206,-0.019878570921719074,9.018544499079386,67.88129908243815,2.673104183127483,0.8361111111938954,0.16388888930281004,0.9170634930332502,0.8361111111938954,0.0,1.0,1.0,1.0,3.1431950435099267,0.5764169306402612,3.0950173134590755,0.00039941400375474387,0.5750573129399018,3.4200670642745856,2.061194865001218,0.3382291122621902,0.33822911326196387,0.2091112130331917,0.3382291122621902,0.0,0.0,0.0,0.0,0,test,normal
2020-07-10 09:29:00,-0.0123333335,8.449333,8.437333,-0.019333333,8.453,64.78333,0.040833335,1.0,0.0,1.0,1.0,0.0,1.0,1.0,1.0,1.4679023484388987,9.009342098236084,7.497752359556034,-0.01986745980878671,9.010716724395753,67.85727132161459,2.6730833498140174,0.8361111111938954,0.16388888930281004,0.9170634930332502,0.8361111111938954,0.0,1.0,1.0,1.0,3.1432030227653076,0.5809496282978319,3.0919873554361783,0.00040520958271327907,0.5795634732933728,3.4369233579958944,2.0612219146363073,0.3382291122621902,0.33822911326196387,0.2091112130331917,0.3382291122621902,0.0,0.0,0.0,0.0,0,test,normal
2020-07-15 14:30:00,10.032333,9.680333,-0.005666667,-0.009000001,9.68,82.112495,5.931667,0.0,1.0,0.33333334,0.0,0.0,1.0,1.0,1.0,6.808188949277004,9.300225337346395,2.5750309745412476,-0.008698412589728833,9.299188057581583,79.04592247009278,5.21430455048879,0.2833333353201548,0.716666667163372,0.6420634984970093,0.2833333353201548,0.0,0.9972222218910853,1.0,1.0,4.048031776259229,0.6123632794078976,3.7726615724952453,0.011276580944633616,0.6112708705219514,1.979474229598592,0.9464215225525742,0.41317748263130766,0.4131774800843598,0.30084902769086064,0.41317748263130766,0.0,0.021516576710572295,0.0,0.0,1,test,failure
2020-07-15 14:31:00,10.219714,9.871142,-0.0034285714,-0.008285714,9.869714,82.88928,5.9960713,0.0,1.0,0.5714286,0.0,0.0,1.0,1.0,1.0,6.813045297314724,9.298433256149291,2.575068276136881,-0.008675396721810103,9.297383292516072,79.09900767008463,5.21541268825531,0.2833333353201548,0.716666667163372,0.6488095305860042,0.2833333353201548,0.0,0.9972222218910853,1.0,1.0,4.052011224873238,0.610498664131072,3.7726356347513725,0.011275980479665043,0.6093896849088081,2.0392330608596327,0.9473117224620712,0.41317748263130766,0.4131774800843598,0.29447899178829684,0.41317748263130766,0.0,0.021516576710572295,0.0,0.0,1,test,failure
2020-07-15 14:32:00,10.292666,9.9453335,-0.0030000003,-0.008333334,9.943334,82.80417,6.0220833,0.0,1.0,0.5,0.0,0.0,1.0,1.0,1.0,6.841823071489731,9.295011043548584,2.5467904958699363,-0.008664285624399781,9.293927748998007,79.13678550720215,5.222225189208984,0.2805555574595928,0.7194444452722867,0.6432539753615856,0.2805555574595928,0.0,0.9972222218910853,1.0,1.0,4.070759989289415,0.6062007928009304,3.7856902463900397,0.011275983660746584,0.6050414623610652,2.0867749413219676,0.9516814963124273,0.4145331456673756,0.4145331431812219,0.29408283503838345,0.4145331456673756,0.0,0.021516576710572295,0.0,0.0,1,test,failure
2020-07-15 14:33:00,10.322667,10.005333,0.002333333,-0.0053333337,10.004666,83.316666,6.0308337,0.0,1.0,0.5,0.0,0.0,1.0,1.0,1.0,7.01413974572594,9.299866596857706,2.385007161090228,-0.0086031745110328,9.298772192001342,79.18407719930013,5.26259324947993,0.26388889079292616,0.7361111119389534,0.6349206420282523,0.26388889079292616,0.0,0.9972222218910853,1.0,1.0,3.9936273609825768,0.6107632868051917,3.680358765965337,0.011284066391526227,0.609608318616486,2.1489389462709685,0.9332732051159354,0.4051128834273192,0.4051128807690573,0.29086910757314555,0.4051128834273192,0.0,0.021516576710572295,0.0,0.0,1,test,failure
2020-07-15 14:34:00,10.174334,9.985333,-0.003666667,-0.008666667,9.983666,83.68333,5.9929166,0.0,1.0,0.6666667,0.0,0.0,0.8333333,1.0,1.0,7.1838897497237975,9.318533261617025,2.237390492086221,-0.008597618954566618,9.317377742131551,79.27789649963378,5.301940472920736,0.2472222241262595,0.7527777786056201,0.6293650868038336,0.2472222241262595,0.0,0.9944444437821706,1.0,1.0,3.905460163977498,0.6143622148316483,3.593111287284704,0.01128394976371837,0.6132420999857413,2.2204626425567078,0.9129097685623765,0.39475333567848586,0.3947533328331669,0.2869346600392083,0.39475333567848586,0.0,0.030170059383116333,0.0,0.0,1,test,failure
2020-07-15 14:35:00,9.879666,10.015667,-0.004,-0.009666666,10.014333,84.5875,5.90375,0.0,1.0,0.33333334,0.0,0.0,1.0,1.0,1.0,7.300084188658123,9.348466602961222,2.168223826942267,-0.008586507841634254,9.347261063257854,79.41241035461425,5.3264126936594645,0.23888889079292616,0.7611111119389534,0.618253975858291,0.23888889079292616,0.0,0.9944444437821706,1.0,1.0,3.8797135044921824,0.6035732838344272,3.595690627956711,0.011282539806871574,0.6025192744050394,2.2936119943163327,0.9089594376443925,0.394604224018639,0.3946042211135746,0.28524196080092307,0.394604224018639,0.0,0.030170059383116333,0.0,0.0,1,test,failure
2020-07-15 14:36:00,10.108334,10.053333,-0.004,-0.008333334,10.053,84.5375,5.977083,0.0,1.0,0.6666667,0.0,0.0,0.8333333,1.0,1.0,7.323080232817059,9.373336442311604,2.1682952555109902,-0.008558730074825386,9.372115834554036,79.55041631062825,5.331739075978597,0.23888889079292616,0.7611111119389534,0.6246031823257605,0.23888889079292616,0.0,0.9916666656732559,1.0,1.0,3.8923923995886245,0.6013204361704028,3.5956467009672646,0.01128105236595884,0.6003199382979959,2.3489874070183854,0.9118641663209247,0.394604224018639,0.3946042211135746,0.28193514111854295,0.394604224018639,0.0,0.03663070064189972,0.0,0.0,1,test,failure
2020-07-15 14:37:00,9.985333,10.122666,-0.003666667,-0.008666667,10.122334,84.674995,5.9462504,0.0,1.0,0.33333334,0.0,0.0,1.0,1.0,1.0,7.337380229510988,9.389080874125163,2.1683008110635758,-0.008542063420948882,9.387893613179525,79.64229125976563,5.334607140223185,0.23888889079292616,0.7611111119389534,0.6190476266046365,0.23888889079292616,0.0,0.9916666656732559,1.0,1.0,3.9007004789191284,0.6084441912286283,3.5956432879712414,0.011280126417298603,0.6074670352880022,2.439613538821752,0.9135483787517114,0.394604224018639,0.3946042211135746,0.28436592959200874,0.394604224018639,0.0,0.03663070064189972,0.0,0.0,1,test,failure
2020-07-15 14:38:00,10.174,10.099999,-0.0036666666,-0.009000001,10.099334,85.28333,5.9791665,0.0,1.0,0.6666667,0.0,0.0,1.0,1.0,1.0,7.346002446689332,9.398347536722818,2.1682952555148707,-0.008530952323538562,9.39719916979472,79.73229128519694,5.336384916305542,0.23888889079292616,0.7611111119389534,0.6246031823257605,0.23888889079292616,0.0,0.9916666656732559,1.0,1.0,3.906481466222283,0.6150418036012437,3.5956467004411254,0.011279328200490782,0.6140924893739771,2.5459452251276016,0.9147159071869716,0.394604224018639,0.3946042211135746,0.28193514111854295,0.394604224018639,0.0,0.03663070064189972,0.0,0.0,1,test,failure
2020-07-15 14:39:00,9.990334,10.039333,-0.004,-0.008666667,10.037667,85.725,5.927917,0.0,1.0,0.33333334,0.0,0.0,1.0,1.0,1.0,7.34795800355884,9.400769758224488,2.1682674777364204,-0.008514285669662058,9.399671411514282,79.81513837178548,5.336079359054565,0.23888889079292616,0.7611111119389534,0.6190476266046365,0.23888889079292616,0.0,0.9916666656732559,1.0,1.0,3.907797050558295,0.6173089239571393,3.595663760013717,0.01127836036590221,0.6164015686670946,2.658165757701525,0.9145117704001167,0.394604224018639,0.3946042211135746,0.28436592959200874,0.394604224018639,0.0,0.03663070064189972,0.0,0.0,1,test,failure
2020-07-15 14:40:00,10.138667,10.018001,-0.004,-0.009333334,10.017333,86.00417,5.959167,0.0,1.0,0.6666667,0.0,0.0,1.0,1.0,1.0,7.346363571363812,9.400041993459066,2.1682230332905115,-0.008497619015785555,9.398988072077433,79.88493016560872,5.335225200653076,0.23888889079292616,0.7611111119389534,0.6246031823257605,0.23888889079292616,0.0,0.9916666656732559,1.0,1.0,3.906618750050535,0.6165418291286456,3.595691048422847,0.01127636539868315,0.6156813090583071,2.764455549111402,0.913894986747954,0.394604224018639,0.3946042211135746,0.28193514111854295,0.394604224018639,0.0,0.03663070064189972,0.0,0.0,1,test,failure
2020-07-15 14:41:00,9.882,9.884334,-0.004,-0.008666667,9.883333,86.3375,5.924166,0.0,1.0,0.33333334,0.0,0.0,1.0,1.0,1.0,7.45093023685428,9.396680895487467,2.05680080758951,-0.009925396794763704,9.395660289128621,79.96784693400065,5.359259915351868,0.22777777935067814,0.772222222884496,0.6134920713802179,0.22777777935067814,0.0,0.9916666656732559,1.0,1.0,3.8887856416508284,0.6132799933310988,3.5568414490532856,0.0010900272718864193,0.6124526709854109,2.881650366176832,0.9100323997489742,0.3917302724517731,0.39173027001252847,0.28002015500380356,0.3917302724517731,0.0,0.03663070064189972,0.0,0.0,1,test,failure
2020-07-15 14:42:00,9.940667,9.713333,-0.0023333335,-0.009000001,9.7109995,86.40833,5.939167,0.0,1.0,0.6666667,0.0,0.0,1.0,1.0,1.0,7.61680802271391,9.402192004521687,1.9005508127156645,-0.009892063471488655,9.401160287857056,80.09215253194174,5.398065475622813,0.21111111268401145,0.7888888895511628,0.6079365161557992,0.21111111268401145,0.0,0.9916666656732559,1.0,1.0,3.775678428309752,0.6146361547434709,3.4338036564699577,0.001087185196423365,0.6137990486115786,2.995610766942965,0.8834670133082629,0.3793972174291958,0.37939721481080485,0.275491956093855,0.3793972174291958,0.0,0.03663070064189972,0.0,0.0,1,test,failure
2020-07-15 14:43:00,9.872666,9.778,-0.0016666668,-0.008333334,9.775001,87.112495,5.9858336,0.0,1.0,0.33333334,0.0,0.0,1.0,1.0,1.0,7.781496906482304,9.419508679707844,1.7550619365822058,-0.009847619035281242,9.418421411514283,80.26944414774577,5.43745436668396,0.19444444601734479,0.8055555562178294,0.5968254052102566,0.19444444601734479,0.0,0.9916666656732559,1.0,1.0,3.6508712564224113,0.6102554842714119,3.3227728762554527,0.0010955992402811657,0.6094186125022035,3.091165157850648,0.8551942397490273,0.3658782845147824,0.3658782816961005,0.272842506706346,0.3658782845147824,0.0,0.03663070064189972,0.0,0.0,1,test,failure
2020-07-15 14:44:00,10.029,9.768333,-0.0006666667,-0.009333334,9.764333,87.645836,5.9154167,0.0,1.0,0.6666667,0.0,0.0,1.0,1.0,1.0,7.886596906386937,9.44531979560852,1.686256376299813,-0.00980873015554001,9.444171396891276,80.47916641235352,5.461246037483216,0.18611111268401145,0.8138888895511627,0.5968254052102566,0.18611111268401145,0.0,0.9944444437821706,1.0,1.0,3.6227153196599033,0.5910974882292274,3.3155453873361864,0.001071073736772038,0.5902330934501806,3.1580478357357697,0.8481578967276566,0.36449235664349044,0.36449235376212236,0.272842506706346,0.36449235664349044,0.0,0.030170059383116333,0.0,0.0,1,test,failure
2020-07-15 14:45:00,9.997334,9.882333,-0.0033333336,-0.009333334,9.88,87.3375,5.9500003,0.0,1.0,0.33333334,0.0,0.0,1.0,1.0,1.0,7.907063583734756,9.466064230600994,1.686328598514471,-0.009764285734854638,9.464865843454996,80.67222201029459,5.465905769666036,0.18611111268401145,0.8138888895511627,0.5968254052102566,0.18611111268401145,0.0,0.9944444437821706,1.0,1.0,3.6312456753460016,0.5840715527952152,3.31550791035423,0.0010332650348094934,0.5832260838831144,3.217793754967043,0.8500923474922082,0.36449235664349044,0.36449235376212236,0.272842506706346,0.36449235664349044,0.0,0.030170059383116333,0.0,0.0,1,test,failure
2020-07-15 14:46:00,10.225667,9.926,-0.0013333334,-0.009666666,9.921666,87.73334,5.9979167,0.0,1.0,0.6666667,0.0,0.0,1.0,1.0,1.0,7.92486359695904,9.478430891036988,1.6863897096297782,-0.009736507937001685,9.477193609873455,80.83493041992188,5.46968355178833,0.18611111268401145,0.8138888895511627,0.5968254052102566,0.18611111268401145,0.0,0.9944444437821706,1.0,1.0,3.640086766942972,0.5858506700953495,3.3154762412129246,0.0010125641322875102,0.5849604118419954,3.3239526393626093,0.8519738530193257,0.36449235664349044,0.36449235376212236,0.272842506706346,0.36449235664349044,0.0,0.030170059383116333,0.0,0.0,1,test,failure
2020-07-15 14:47:00,10.111667,9.964667,-0.0006666667,-0.008333334,9.959666,87.737495,5.9287505,0.0,1.0,0.33333334,0.0,0.0,1.0,1.0,1.0,7.932146934870009,9.485814237594605,1.6864563763005813,-0.009686507928806046,9.484526936213175,80.9787498474121,5.470211338996887,0.18611111268401145,0.8138888895511627,0.5968254052102566,0.18611111268401145,0.0,0.9944444437821706,1.0,1.0,3.644082232267406,0.5891868163335056,3.3154417016319226,0.0010064278548360713,0.5882506607277784,3.4328774803985076,0.8522528724846047,0.36449235664349044,0.36449235376212236,0.272842506706346,0.36449235664349044,0.0,0.030170059383116333,0.0,0.0,1,test,failure
2020-07-15 14:48:00,10.243667,9.897,-0.0006666667,-0.009333334,9.892667,87.78333,5.949167,0.0,1.0,0.6666667,0.0,0.0,1.0,1.0,1.0,7.939730266931777,9.48645313580831,1.6865452651972495,-0.009647619049064814,9.48513248761495,81.11666641235351,5.470940510431926,0.18611111268401145,0.8138888895511627,0.5968254052102566,0.18611111268401145,0.0,0.9944444437821706,1.0,1.0,3.64848190128683,0.5896186057566597,3.315395627998787,0.0009731469739592283,0.5886584491791971,3.5374346790895954,0.8526501602087188,0.36449235664349044,0.36449235376212236,0.272842506706346,0.36449235664349044,0.0,0.030170059383116333,0.0,0.0,1,test,failure
2020-07-15 14:49:00,10.089,9.909333,0.0003333334,-0.008666667,9.902667,87.17084,5.9950004,0.0,1.0,0.33333334,0.0,0.0,1.0,1.0,1.0,7.9383580408524725,9.484208695093791,1.6866508207468238,-0.009619841282255948,9.482799164454143,81.23458315531413,5.470551625887553,0.18611111268401145,0.8138888895511627,0.5968254052102566,0.18611111268401145,0.0,0.9944444437821706,1.0,1.0,3.647643736842941,0.5877135111122389,3.3153409277769184,0.000977021185790449,0.5866851978058503,3.6197898292928543,0.8524015534107992,0.36449235664349044,0.36449235376212236,0.272842506706346,0.36449235664349044,0.0,0.030170059383116333,0.0,0.0,1,test,failure
2020-07-15 14:50:00,10.249429,9.896571,-0.0002857143,-0.008571429,9.891428,86.94643,5.978572,0.0,1.0,0.71428573,0.0,0.0,1.0,1.0,1.0,8.050648518605158,9.482334884007772,1.5766571707368713,-0.009568253989952306,9.480861854553222,81.33980140686035,5.496000051498413,0.17500000124176343,0.8250000004967054,0.5920635007321835,0.17500000124176343,0.0,0.9944444437821706,1.0,1.0,3.6126070191098534,0.586189208474981,3.258581973647186,0.000948412161978948,0.5851124515416634,3.693028757042799,0.8442207934831406,0.3597249958070941,0.359724993507726,0.26813940229587485,0.3597249958070941,0.0,0.030170059383116333,0.0,0.0,1,test,failure
2020-07-15 14:51:00,10.160666,9.91,-0.0006666667,-0.009666666,9.904333,87.07083,5.963333,0.0,1.0,0.16666667,0.0,0.0,1.0,1.0,1.0,8.220176293033486,9.492873764038086,1.4222182769304104,-0.009557142877019942,9.491311852137247,81.47938474019368,5.53506254752477,0.15833333457509677,0.841666667163372,0.5781746119260788,0.15833333457509677,0.0,0.9944444437821706,1.0,1.0,3.463471507027214,0.5881282262055813,3.1039041267837697,0.0009431877390762683,0.587011826002802,3.749247015688185,0.8094329890526164,0.3436606431092436,0.3436606406166518,0.2682334489685354,0.3436606431092436,0.0,0.030170059383116333,0.0,0.0,1,test,failure
2020-07-15 14:52:00,10.282333,9.9210005,-0.0016666668,-0.010333333,9.916333,86.833336,6.0712504,0.0,1.0,0.8333333,0.0,0.0,1.0,1.0,1.0,8.391670738152849,9.51397377649943,1.2781682728164014,-0.009562698433486123,9.51232296625773,81.65966250101725,5.5759861667950945,0.1416666679084301,0.8583333338300387,0.5753968338171641,0.1416666679084301,0.0,0.9944444437821706,1.0,1.0,3.3000729689284722,0.580215342535675,2.960433509311837,0.0009468151863934449,0.5791027817064966,3.742173474651631,0.771958723628408,0.32594206676139786,0.3259420640429047,0.26462983892958,0.32594206676139786,0.0,0.030170059383116333,0.0,0.0,1,test,failure
2020-07-15 14:53:00,10.214,9.887,-0.0043333336,-0.01,9.884334,86.84167,5.9504166,0.0,1.0,0.16666667,0.0,0.0,1.0,1.0,1.0,8.444204062712378,9.541701555252075,1.2782627172530434,-0.009557142877019942,9.539978535970052,81.8510513305664,5.586000057061513,0.1416666679084301,0.8583333338300387,0.5698412783443928,0.1416666679084301,0.0,0.9944444437821706,1.0,1.0,3.303633564248723,0.5567704534822638,2.9603918074317477,0.0009431877390762683,0.5557334757737898,3.707931421004028,0.7728685189214188,0.32594206676139786,0.3259420640429047,0.2696900907725673,0.32594206676139786,0.0,0.030170059383116333,0.0,0.0,1,test,failure
2020-07-15 14:54:00,10.261666,9.898,-0.003666667,-0.01,9.894667,86.99167,5.9683337,0.0,1.0,0.8333333,0.0,0.0,1.0,1.0,1.0,8.461446112883277,9.55948249499003,1.2783158918488577,-0.009552380978129804,9.557727750142416,82.0169839223226,5.58860323826472,0.1416666679084301,0.8583333338300387,0.5742063569525878,0.1416666679084301,0.0,0.9944444437821706,1.0,1.0,3.3104816248809392,0.5506959036106027,2.960368361410048,0.0009401634350483551,0.5496372872151261,3.711555519413641,0.7739054707316808,0.32594206676139786,0.3259420640429047,0.27182728367664305,0.32594206676139786,0.0,0.030170059383116333,0.0,0.0,1,test,failure
2020-07-15 14:55:00,10.224667,9.901,-0.0036666666,-0.010333333,9.898334,86.95416,5.9112496,0.0,1.0,0.16666667,0.0,0.0,1.0,1.0,1.0,8.474468329044369,9.57345471382141,1.2783547807324793,-0.009546825437185665,9.57169442176819,82.15302556355795,5.58963101307551,0.1416666679084301,0.8583333338300387,0.5714285790920257,0.1416666679084301,0.0,0.9944444437821706,1.0,1.0,3.315941708477262,0.5485078035459647,2.960351219312379,0.0009344347879338967,0.5474265626947507,3.7408093564262086,0.7742987837669445,0.32594206676139786,0.3259420640429047,0.2751615882826556,0.32594206676139786,0.0,0.030170059383116333,0.0,0.0,1,test,failure
2020-07-15 14:56:00,10.256667,9.891334,-0.004,-0.009666666,9.888667,87.03333,6.0166664,0.0,1.0,0.8333333,0.0,0.0,1.0,1.0,1.0,8.485312782220232,9.584549156824748,1.2783881140557545,-0.0095357143242533,9.582783317565918,82.277747853597,5.592332398891449,0.1416666679084301,0.8583333338300387,0.5742063562075297,0.1416666679084301,0.0,0.9944444437821706,1.0,1.0,3.3207654521090233,0.5480859344678203,2.96033652368727,0.0009288711395540495,0.5469888773884419,3.7771254380155206,0.7755205957793727,0.32594206676139786,0.3259420640429047,0.27697460295807835,0.32594206676139786,0.0,0.030170059383116333,0.0,0.0,1,test,failure
2020-07-15 14:57:00,10.222,9.88,-0.0030000003,-0.009333334,9.877666,87.17917,5.956667,0.0,1.0,0.16666667,0.0,0.0,1.0,1.0,1.0,8.49171277929563,9.591249163945516,1.2784270029471372,-0.00951349212943266,9.589483308792115,82.3939978281657,5.593158789475759,0.1416666679084301,0.8583333338300387,0.5714285783469677,0.1416666679084301,0.0,0.9944444437821706,1.0,1.0,3.3237852882270817,0.5492172916790833,2.9603193893432196,0.0009172321247590636,0.5481154441113171,3.819324806448973,0.7758880084598814,0.32594206676139786,0.3259420640429047,0.28024767295160063,0.32594206676139786,0.0,0.030170059383116333,0.0,0.0,1,test,failure
2020-07-15 14:58:00,10.225667,9.858334,-0.0023333335,-0.008666667,9.856,87.200005,5.964583,0.0,1.0,0.8333333,0.0,0.0,1.0,1.0,1.0,8.49534055639524,9.594782511393229,1.2784325585036034,-0.009502381016500295,9.593038860956828,82.49615071614583,5.593082384268443,0.1416666679084301,0.8583333338300387,0.5742063554624717,0.1416666679084301,0.0,0.9944444437821706,1.0,1.0,3.325586604086116,0.5502586324348364,2.9603169447098407,0.0009234682197507414,0.5491572276474171,3.865028109864402,0.7758505784405831,0.32594206676139786,0.3259420640429047,0.2820279936753587,0.32594206676139786,0.0,0.030170059383116333,0.0,0.0,1,test,failure
2020-07-15 14:59:00,10.174334,9.830333,-0.0023333335,-0.008666667,9.827,87.458336,5.90625,0.0,1.0,0.16666667,0.0,0.0,1.0,1.0,1.0,8.494968337309547,9.594321393966675,1.2784381140600696,-0.009480158806157608,9.592577743530274,82.60649795532227,5.591735160350799,0.1416666679084301,0.8583333338300387,0.5714285776019097,0.1416666679084301,0.0,0.9944444437821706,1.0,1.0,3.3253941984849233,0.5500458688067222,2.9603145000638404,0.0009273251422639184,0.5489453949005862,3.9111090558313806,0.7752247493765576,0.32594206676139786,0.3259420640429047,0.2852430835679297,0.32594206676139786,0.0,0.030170059383116333,0.0,0.0,1,test,failure
2020-07-15 15:00:00,10.075334,9.705,-0.003666667,-0.008666667,9.701,87.458336,5.8679166,0.0,1.0,0.8333333,0.0,0.0,1.0,1.0,1.0,8.490173898629534,9.58920472462972,1.278421447390671,-0.009457936595814924,9.587449963887533,82.7124008178711,5.588485165437063,0.1416666679084301,0.8583333338300387,0.5742063547174135,0.1416666679084301,0.0,0.9944444437821706,1.0,1.0,3.322861695797496,0.5475167428797338,2.9603218377809406,0.0009306266130458082,0.5464239564396748,3.9555154971488866,0.7736230205224199,0.32594206676139786,0.3259420640429047,0.28699241758156463,0.32594206676139786,0.0,0.030170059383116333,0.0,0.0,1,test,failure
2020-07-15 15:01:00,9.981334,9.627999,-0.0033333336,-0.008333334,9.627,87.612495,5.9249997,0.0,1.0,0.16666667,0.0,0.0,1.0,1.0,1.0,8.598046126457241,9.583143599828084,1.1686714427230376,-0.009430158829006056,9.58141107559204,82.80712292989095,5.613499049345652,0.13055555646618208,0.8694444447755814,0.5603174659113089,0.13055555646618208,0.0,0.9944444437821706,1.0,1.0,3.262931148032998,0.5449930105077467,2.8813914843990664,0.0009390085869041986,0.5439035818744022,4.004191037275678,0.7594726642419711,0.31903170873665543,0.31903170674653253,0.2862003715604247,0.31903170873665543,0.0,0.030170059383116333,0.0,0.0,1,test,failure
2020-07-15 15:02:00,9.893333,9.515,-0.0033333336,-0.008333334,9.513,87.68333,5.86125,0.0,1.0,0.8333333,0.0,0.0,1.0,1.0,1.0,8.763118350373892,9.588371388117473,1.015432554083236,-0.009396825505731007,9.586594406763712,82.94121996561687,5.651033767064413,0.1138888897995154,0.8861111114422481,0.5575396878023943,0.1138888897995154,0.0,0.9944444437821706,1.0,1.0,3.064514296656427,0.5427683266237886,2.6853321192060537,0.0009418978781453165,0.541704002932253,4.030879047697545,0.7129626253889589,0.2982871181344417,0.2982871159353554,0.28264736571396876,0.2982871181344417,0.0,0.030170059383116333,0.0,0.0,1,test,failure
2020-07-15 15:03:00,9.615666,9.252334,-0.003666667,-0.008333334,9.251333,87.97083,5.786667,0.0,1.0,0.16666667,0.0,0.0,1.0,1.0,1.0,8.923512790204647,9.600365845362345,0.873371435336594,-0.009369047738922139,9.59853884379069,83.12351163228352,5.687478212515513,0.09722222313284874,0.9027777781089147,0.5436507989962895,0.09722222313284874,0.0,0.9944444437821706,1.0,1.0,2.8413841310971644,0.5267589717231675,2.500707184553937,0.0009483618737745527,0.5257833384578979,4.006416945798488,0.6602848918054554,0.27496219150832035,0.274962189046142,0.2810066342277472,0.27496219150832035,0.0,0.030170059383116333,0.0,0.0,1,test,failure
2020-07-15 15:04:00,9.387333,9.311334,-0.0030000003,-0.008333334,9.31,87.75833,5.7862496,0.0,1.0,1.0,0.0,0.0,1.0,1.0,1.0,8.972673898539506,9.62039917310079,0.8507381016810541,-0.00933571441564709,9.618522183100383,83.3216365814209,5.698158760865529,0.09444444527228674,0.9055555562178293,0.5575396878023943,0.09444444527228674,0.0,0.9944444437821706,1.0,1.0,2.8231039867681207,0.4907156553257181,2.50241907938324,0.0009490424683346578,0.489845388648315,3.9349719352303945,0.6565404045605052,0.2750905818470875,0.27509057930699926,0.28264736571396876,0.2750905818470875,0.0,0.030170059383116333,0.0,0.0,1,test,failure
2020-07-15 15:05:00,9.118,9.184334,-0.0033333336,-0.008333334,9.182,87.87083,5.6979165,0.0,1.0,0.0,0.0,0.0,0.8333333,1.0,1.0,8.97480722030159,9.630565849939982,0.8508047683392458,-0.00930238109237204,9.628633292516072,83.50545590718588,5.697728208700815,0.09444444527228674,0.9055555562178293,0.5436507992446422,0.09444444527228674,0.0,0.9916666656732559,1.0,1.0,2.8231656636138354,0.47473465735735687,2.5023958853214103,0.0009485320680580517,0.4739508798960266,3.884419112133903,0.6565318083818604,0.2750905818470875,0.27509057930699926,0.2892625566280905,0.2750905818470875,0.0,0.03663070064189972,0.0,0.0,1,test,failure
2020-07-15 15:06:00,9.332,9.260333,-0.0016666668,-0.009000001,9.256667,87.87917,5.7450004,0.0,1.0,1.0,0.0,0.0,1.0,1.0,1.0,8.974301661651891,9.635210291544597,0.8508436572286883,-0.009285714438495537,9.633249966303508,83.65719210306803,5.6965962767601015,0.09444444527228674,0.9055555562178293,0.5575396880507469,0.09444444527228674,0.0,0.9916666656732559,1.0,1.0,2.823097806311449,0.46961423917249423,2.5023823940270793,0.0009448447768717423,0.46884385625753217,3.8743064356651,0.6563883771581452,0.2750905818470875,0.27509057930699926,0.2908567199241625,0.2750905818470875,0.0,0.03663070064189972,0.0,0.0,1,test,failure
2020-07-15 15:07:00,9.208333,9.278,-0.002,-0.009000001,9.275001,87.45416,5.6608334,0.0,1.0,0.0,0.0,0.0,1.0,1.0,1.0,8.966462776662471,9.634999179840088,0.8508714350110191,-0.009274603341085215,9.633016633987427,83.79017817179361,5.692436548074086,0.09444444527228674,0.9055555562178293,0.543650799492995,0.09444444527228674,0.0,0.9916666656732559,1.0,1.0,2.821761520754535,0.46977457126920813,2.5023727569660053,0.0009442086467094758,0.4690215347925344,3.8652513124754413,0.655800944482997,0.2750905818470875,0.27509057930699926,0.2972892948863642,0.2750905818470875,0.0,0.03663070064189972,0.0,0.0,1,test,failure
2020-07-15 15:08:00,9.208,9.319428,-0.0011428572,-0.009142858,9.315714,87.22857,5.6882143,0.0,1.0,0.85714287,0.0,0.0,1.0,1.0,1.0,8.95559611876961,9.632034095128377,0.8509190540600684,-0.009249206547004481,9.630028533935548,83.91357091267903,5.688295678297679,0.09444444527228674,0.9055555562178293,0.555158736060063,0.09444444527228674,0.0,0.9916666656732559,1.0,1.0,2.8195167088818875,0.4712174328901512,2.5023562405446347,0.0009264575119317289,0.470484558989825,3.8546829955264448,0.6550166074184071,0.2750905818470875,0.27509057930699926,0.29580939961218694,0.2750905818470875,0.0,0.03663070064189972,0.0,0.0,1,test,failure
2020-07-15 15:09:00,9.473,9.305,-0.0023333335,-0.008333334,9.302333,87.649994,5.7845836,0.0,1.0,0.16666667,0.0,0.0,1.0,1.0,1.0,8.947946108978552,9.62784522374471,0.8509246096165346,-0.009210317682785293,9.625822973251342,84.04683469136556,5.685677619775136,0.09444444527228674,0.9055555562178293,0.5440476253628731,0.09444444527228674,0.0,0.9916666656732559,1.0,1.0,2.8174445205349015,0.4730154592651647,2.50235431372269,0.0009148490646885051,0.4722939206188485,3.843129597741814,0.6543002685035652,0.2750905818470875,0.27509057930699926,0.2976981304288373,0.2750905818470875,0.0,0.03663070064189972,0.0,0.0,1,test,failure
2020-07-15 15:10:00,9.442666,9.383,-0.002,-0.009000001,9.379001,87.700005,5.7566667,0.0,1.0,0.8333333,0.0,0.0,1.0,1.0,1.0,8.936157200338009,9.620845222473145,0.8509412762859332,-0.00919920658537497,9.618778546651205,84.17225151062011,5.68185123205185,0.09444444527228674,0.9055555562178293,0.555158736060063,0.09444444527228674,0.0,0.9916666656732559,1.0,1.0,2.813807054148076,0.47348694796413826,2.502348533172695,0.0009132596826295299,0.47277855664976337,3.837415729494133,0.6531830654165593,0.2750905818470875,0.27509057930699926,0.29580939961218694,0.2750905818470875,0.0,0.03663070064189972,0.0,0.0,1,test,failure
2020-07-15 15:11:00,9.596,9.315666,-0.002,-0.008333334,9.312667,87.63333,5.82625,0.0,1.0,0.16666667,0.0,0.0,1.0,1.0,1.0,8.923179409505488,9.609189653396607,0.8509523873988656,-0.009171428818566104,9.607122993469238,84.28801536560059,5.678177622954051,0.09444444527228674,0.9055555562178293,0.5440476253628731,0.09444444527228674,0.0,0.9916666656732559,1.0,1.0,2.80885124591429,0.47222567758133693,2.5023446801551543,0.0009138364034909919,0.4715388494512482,3.8352762996384864,0.6517146866249994,0.2750905818470875,0.27509057930699926,0.2976981304288373,0.2750905818470875,0.0,0.03663070064189972,0.0,0.0,1,test,failure
2020-07-15 15:12:00,9.443999,9.273334,-0.002,-0.009000001,9.2699995,87.29584,5.754167,0.0,1.0,0.8333333,0.0,0.0,1.0,1.0,1.0,8.905629402003251,9.594389661153157,0.8509801651811965,-0.009143651067279279,9.592300764719646,84.39412651062011,5.672524845600128,0.09444444527228674,0.9055555562178293,0.555158736060063,0.09444444527228674,0.0,0.9916666656732559,1.0,1.0,2.802132773463019,0.4685285822673661,2.502335041721392,0.000892701856943982,0.4678497241863838,3.828839894584369,0.6495199336874583,0.2750905818470875,0.27509057930699926,0.29580939961218694,0.2750905818470875,0.0,0.03663070064189972,0.0,0.0,1,test,failure
2020-07-15 15:13:00,9.533999,9.193334,-0.0026666669,-0.009000001,9.192,87.137505,5.815417,0.0,1.0,0.16666667,0.0,0.0,1.0,1.0,1.0,9.064791297485742,9.586135705312094,0.6895690513963928,-0.009122222514512638,9.584019819895426,84.51266822814941,5.70939488808314,0.07777777860562006,0.9222222228844961,0.5412698472539584,0.07777777860562006,0.0,0.9916666656732559,1.0,1.0,2.5463482057121873,0.47119593729092213,2.2193973258237065,0.0008801661740145266,0.4705013792916491,3.8012812806930705,0.590137880184209,0.24828350010077102,0.24828349718470719,0.2941277571234814,0.24828350010077102,0.0,0.03663070064189972,0.0,0.0,1,test,failure
2020-07-15 15:14:00,9.482333,9.261666,-0.0023333335,-0.008666667,9.259,87.237495,5.759583,0.0,1.0,0.8333333,0.0,0.0,1.0,1.0,1.0,9.222974628326483,9.59286348025004,0.5420912707762909,-0.00909444474770377,9.590692043304443,84.67308489481609,5.74560321966807,0.0611111119389534,0.9388888895511627,0.5384920691450437,0.0611111119389534,0.0,0.9916666656732559,1.0,1.0,2.250780827677571,0.4634413241090935,1.9452623270240157,0.0008675047262850832,0.4628165550801425,3.7070773155715,0.5202207691277272,0.21690918116160401,0.2169091777073163,0.29048649623803713,0.21690918116160401,0.0,0.03663070064189972,0.0,0.0,1,test,failure
2020-07-15 15:15:00,9.543,9.187333,-0.002,-0.008666667,9.184667,87.06667,5.8716664,0.0,1.0,0.16666667,0.0,0.0,1.0,1.0,1.0,9.346791297313757,9.608374579747517,0.44964682465603495,-0.009072222537361086,9.606164264678956,84.85502942403157,5.774846275647481,0.050000000496705374,0.9500000004967054,0.524603180338939,0.050000000496705374,0.0,0.9916666656732559,1.0,1.0,2.048314350167837,0.4325034017007039,1.8319953043418369,0.0008609674959653719,0.4319394729964866,3.546072063587806,0.4744247891680787,0.20192109491333243,0.2019210926619036,0.28795751650402396,0.20192109491333243,0.0,0.03663070064189972,0.0,0.0,1,test,failure
2020-07-15 15:16:00,9.3550005,9.109,-0.0026666669,-0.009333334,9.105333,86.25417,5.7900004,0.0,1.0,0.8333333,0.0,0.0,1.0,1.0,1.0,9.359352411942867,9.616946808497111,0.4497579357737171,-0.009044444770552218,9.614697599411011,85.02968228658041,5.77771433989207,0.050000000496705374,0.9500000004967054,0.527380957454443,0.050000000496705374,0.0,0.9916666656732559,1.0,1.0,2.045974974964179,0.41688623871703107,1.8319671971778342,0.0008238005549146161,0.4163678025824099,3.343558130324443,0.4739799596536693,0.20192109491333243,0.2019210926619036,0.29014670865113085,0.20192109491333243,0.0,0.03663070064189972,0.0,0.0,1,test,failure
2020-07-15 15:17:00,9.474,9.116333,-0.0006666667,-0.008,9.115334,86.05417,5.8079166,0.0,1.0,0.16666667,0.0,0.0,1.0,1.0,1.0,9.363674622890539,9.618252356847128,0.4498301580009866,-0.008994444777878622,9.616025384267171,85.17822405497233,5.778464341163636,0.050000000496705374,0.9500000004967054,0.5246031795938809,0.050000000496705374,0.0,0.9916666656732559,1.0,1.0,2.0459380662735147,0.4151615297753676,1.8319490505724119,0.0007935851070849717,0.41461332377472226,3.1812168966385994,0.4739917502999615,0.20192109491333243,0.2019210926619036,0.2928214298318362,0.20192109491333243,0.0,0.03663070064189972,0.0,0.0,1,test,failure
2020-07-15 15:18:00,9.565,9.273999,-0.0006666667,-0.009000001,9.272,86.125,5.778333,0.0,1.0,0.8333333,0.0,0.0,1.0,1.0,1.0,9.365930158016273,9.614935684204102,0.4499079357847222,-0.008972222567535937,9.612719837824503,85.30822397867838,5.77771433989207,0.050000000496705374,0.9500000004967054,0.5273809567093849,0.050000000496705374,0.0,0.9916666656732559,1.0,1.0,2.0460866456400906,0.4171318226064825,1.831929497438816,0.0007738812719992222,0.41658050469281754,3.0532119357168277,0.4739551510767227,0.20192109491333243,0.2019210926619036,0.29497452602367086,0.20192109491333243,0.0,0.03663070064189972,0.0,0.0,1,test,failure
2020-07-15 15:19:00,9.692666,9.3376665,-0.0023333335,-0.009333334,9.335667,86.09583,5.917917,0.0,1.0,0.16666667,0.0,0.0,1.0,1.0,1.0,9.362902369218258,9.608252350489298,0.449946824676105,-0.008955555913659433,9.606047614415486,85.41343231201172,5.777887956301371,0.050000000496705374,0.9500000004967054,0.5246031788488229,0.050000000496705374,0.0,0.9916666656732559,1.0,1.0,2.0454558796662274,0.41832651553283867,1.831919708740412,0.0007545989380968376,0.4177767840150281,2.967153124434855,0.4740054043847038,0.20192109491333243,0.2019210926619036,0.2976058605376525,0.20192109491333243,0.0,0.03663070064189972,0.0,0.0,1,test,failure
2020-07-15 15:20:00,9.752334,9.467667,-0.0026666669,-0.008666667,9.464667,86.21667,5.895,0.0,1.0,0.8333333,0.0,0.0,1.0,1.0,1.0,9.358657930411088,9.599113464355469,0.44998015801102154,-0.008927778146850565,9.596892070770263,85.49919624328614,5.7770129601160685,0.050000000496705374,0.9500000004967054,0.5273809559643269,0.050000000496705374,0.0,0.9916666656732559,1.0,1.0,2.0443606172366144,0.4152459462374,1.8319113146337336,0.0007333998399264461,0.41469292057570156,2.9133868046534457,0.4737353800387229,0.20192109491333243,0.2019210926619036,0.29972458935611934,0.20192109491333243,0.0,0.03663070064189972,0.0,0.0,1,test,failure
2020-07-15 15:21:00,9.807334,9.456,-0.0030000003,-0.008666667,9.453334,85.95416,5.8487496,0.0,1.0,0.16666667,0.0,0.0,1.0,1.0,1.0,9.351407939312049,9.588341252009075,0.45001349134593815,-0.008916667033918201,9.586097637812296,85.56808509826661,5.774318512280782,0.050000000496705374,0.9500000004967054,0.5246031781037649,0.050000000496705374,0.0,0.9916666656732559,1.0,1.0,2.0419435894739295,0.4103246239060087,1.8319029137036358,0.0007322005401878919,0.4097484971381082,2.873530348014805,0.47284427399675827,0.20192109491333243,0.2019210926619036,0.30231458232105246,0.20192109491333243,0.0,0.03663070064189972,0.0,0.0,1,test,failure
2020-07-15 15:22:00,9.892333,9.555667,-0.0030000003,-0.008,9.553333,86.18333,5.8741665,0.0,1.0,0.8333333,0.0,0.0,1.0,1.0,1.0,9.457774601496446,9.580463473002116,0.33962460476274525,-0.008894444808053474,9.578186527887981,85.63266830444336,5.798436562220256,0.038888889054457344,0.961111111442248,0.5218253999948501,0.038888889054457344,0.0,0.9916666656732559,1.0,1.0,1.8933339741913644,0.40625120071984805,1.643670254538503,0.0007395369261507764,0.40563356589488564,2.8424020364829303,0.43862936245652945,0.18505017076093314,0.18505016995720386,0.29861549137023846,0.18505017076093314,0.0,0.03663070064189972,0.0,0.0,1,test,failure
2020-07-15 15:23:00,9.880333,9.531,-0.002,-0.009333334,9.528333,86.637505,5.866667,0.0,1.0,0.16666667,0.0,0.0,1.0,1.0,1.0,9.622619039495476,9.585041252772013,0.18551348720745106,-0.008883333710643152,9.582703193028768,85.73419609069825,5.835672676563263,0.02222222238779068,0.9777777781089146,0.5079365111887455,0.02222222238779068,0.0,0.9916666656732559,1.0,1.0,1.4285299134296348,0.40407859549110814,1.1556007653380862,0.0007275561779105465,0.4035035351705939,2.7653763795370994,0.33399303580501444,0.1353890494321686,0.13538904827144735,0.2953599983758963,0.1353890494321686,0.0,0.03663070064189972,0.0,0.0,1,test,failure
2020-07-15 15:24:00,9.995999,9.641334,-0.0023333335,-0.009333334,9.638,86.395836,5.885,0.0,1.0,0.8333333,0.0,0.0,1.0,1.0,1.0,9.789346806208293,9.602696816126505,0.04265238037478412,-0.008877778169699013,9.600269858042399,85.87919616699219,5.873610178629558,0.005555555721124013,0.9944444447755814,0.5051587330798308,0.005555555721124013,0.0,0.9916666656732559,1.0,1.0,0.6654969632173778,0.3820521009185743,0.3520321724040627,0.0007227299915645056,0.3816384102339233,2.556984592136634,0.16147746620776796,0.04303314957366527,0.04303314572622053,0.2914111728670492,0.04303314957366527,0.0,0.03663070064189972,0.0,0.0,1,test,failure
2020-07-15 15:25:00,9.938666,9.59,-0.0016666668,-0.008666667,9.588,86.575005,5.9612503,0.0,1.0,0.16666667,0.0,0.0,1.0,1.0,1.0,9.863980134328207,9.625780153274537,-0.0027753970241368125,-0.00886111151582251,9.623286533355714,86.04808514912924,5.891721296310425,0.0,1.0,0.4968253994981448,0.0,0.0,0.9916666656732559,1.0,1.0,0.34643224545602064,0.3351321225951126,0.0017975496347665668,0.0007157257357369232,0.33497755253643213,2.237802341424827,0.09463297296625718,0.0,0.0,0.29385322112454526,0.0,0.0,0.03663070064189972,0.0,0.0,1,test,failure
2020-07-15 15:26:00,10.010667,9.6553335,-0.0023333335,-0.008333334,9.652667,86.6625,5.9637504,0.0,1.0,0.8333333,0.0,0.0,1.0,1.0,1.0,9.879969024658203,9.642535702387493,-0.0026587303499885214,-0.008850000402890145,9.640008767445883,86.20308519999186,5.895519908269247,0.0,1.0,0.5051587323347727,0.0,0.0,0.9916666656732559,1.0,1.0,0.3300407367121155,0.3096849558562658,0.0015785216941473443,0.0007187016091673942,0.3096166964478248,1.9264190619133634,0.09282661385006909,0.0,0.0,0.29621838244761134,0.0,0.0,0.03663070064189972,0.0,0.0,1,test,failure
2020-07-15 15:27:00,9.958,9.607142,-0.0014285715,-0.008285714,9.604285,87.38214,5.859286,0.0,1.0,0.2857143,0.0,0.0,1.0,1.0,1.0,9.888152360916138,9.651204744974772,-0.0025658731974544935,-0.008832540075915555,9.648635737101237,86.33952369689942,5.895987176895142,0.0,1.0,0.4988095258673032,0.0,0.0,0.9916666656732559,1.0,1.0,0.3256860768505368,0.3010294498318785,0.0014795866874666808,0.0007194855022350729,0.3010296194181515,1.698084521708419,0.0925678115279601,0.0,0.0,0.29678008667047323,0.0,0.0,0.03663070064189972,0.0,0.0,1,test,failure
2020-07-15 15:28:00,9.974999,9.617667,-0.002,-0.009000001,9.615666,87.57916,5.800417,0.0,1.0,0.6666667,0.0,0.0,1.0,1.0,1.0,9.892635679244995,9.655854749679566,-0.0025103176366731835,-0.008832540075915555,9.653274615605673,86.45938466389974,5.89482745329539,0.0,1.0,0.5043650815884272,0.0,0.0,0.9916666656732559,1.0,1.0,0.324986853970434,0.2982619872741776,0.0014358462836209468,0.0007194855022350729,0.2982831645577903,1.5147531289192426,0.0933316340571399,0.0,0.0,0.29674986836834594,0.0,0.0,0.03663070064189972,0.0,0.0,1,test,failure
2020-07-15 15:29:00,9.865,9.504001,-0.0026666669,-0.008,9.502334,87.56667,5.8974996,0.0,1.0,0.33333334,0.0,0.0,1.0,1.0,1.0,9.891296784083048,9.654488102595012,-0.0024492065194256915,-0.008826984519449374,9.651913499832153,86.56188481648763,5.894549663861593,0.0,1.0,0.4988095258673032,0.0,0.0,0.9916666656732559,1.0,1.0,0.3249315439422433,0.2987749113817602,0.001345567336908397,0.0007246737131651215,0.2987905297070093,1.3687853467571673,0.09329789504025596,0.0,0.0,0.29678008667047323,0.0,0.0,0.03663070064189972,0.0,0.0,1,test,failure
2020-07-15 15:30:00,9.856,9.490666,-0.004,-0.008,9.488334,87.833336,5.80625,0.0,1.0,0.6666667,0.0,0.0,1.0,1.0,1.0,9.888357893625896,9.651326990127563,-0.0024214287370947813,-0.008810317850050826,9.648719056447346,86.65723215738932,5.892459384600321,0.0,1.0,0.5043650815884272,0.0,0.0,0.9916666656732559,1.0,1.0,0.3244313489074425,0.29949931220148285,0.0012942450711574314,0.0007320885955541801,0.2995088711907813,1.2474712122400011,0.09385548827546673,0.0,0.0,0.29674986836834594,0.0,0.0,0.03663070064189972,0.0,0.0,1,test,failure
2020-07-15 15:31:00,9.741,9.375667,-0.0016666668,-0.0076666675,9.373,87.95416,5.895,0.0,1.0,0.33333334,0.0,0.0,1.0,1.0,1.0,9.880379327138265,9.643069060643514,-0.002392063660954591,-0.008800000402455528,9.64044049580892,86.74164683024088,5.890774861971537,0.0,1.0,0.5003968273599942,0.0,0.0,0.9916666656732559,1.0,1.0,0.3220217956720738,0.3001657358655621,0.0012909905453720076,0.0007438745264903091,0.30016092989509113,1.1562058989321398,0.09286613919260685,0.0,0.0,0.2974290428452093,0.0,0.0,0.03663070064189972,0.0,0.0,1,test,failure
2020-07-15 15:32:00,9.771333,9.403334,-0.0026666669,-0.008333334,9.401,88.145836,5.849167,0.0,1.0,0.5,0.0,0.0,1.0,1.0,1.0,9.871690432230631,9.634035730361939,-0.0023865081044884087,-0.008800000402455528,9.631401602427164,86.83067461649577,5.887892921765645,0.0,1.0,0.5003968273599942,0.0,0.0,0.9916666656732559,1.0,1.0,0.31771335714489485,0.2990686641761796,0.0012890458096913955,0.0007438745264903091,0.29904888332790364,1.0485209018868136,0.09139354811955844,0.0,0.0,0.2974290428452093,0.0,0.0,0.03663070064189972,0.0,0.0,1,test,failure
2020-07-15 15:33:00,9.709001,9.341001,-0.0036666666,-0.007333333,9.339334,88.208336,5.82875,0.0,1.0,0.33333334,0.0,0.0,1.0,1.0,1.0,9.8614626566569,9.622963523864746,-0.002486508097596622,-0.008833333725730579,9.620312722524007,86.91220245361328,5.884524861971538,0.0,1.0,0.4976190497477849,0.0,0.0,0.9916666656732559,1.0,1.0,0.31278888826155554,0.2973822014943974,0.0011409081458001976,0.0006204738192213199,0.297303795089026,0.9568243117775589,0.08974532944731477,0.0,0.0,0.2982100608596951,0.0,0.0,0.03663070064189972,0.0,0.0,1,test,failure
2020-07-15 15:34:00,9.268333,9.327333,-0.004666667,-0.008,9.325334,88.2875,5.67625,0.0,1.0,0.5,0.0,0.0,1.0,1.0,1.0,9.846362654368082,9.611996857325236,-0.0025031747631146573,-0.008822222612798214,9.60934050877889,86.98893864949544,5.879247085253398,0.0,1.0,0.49484127163887026,0.0,0.0,0.9944444437821706,1.0,1.0,0.31923133018237115,0.29592152441151315,0.001165479921092274,0.000629413732727598,0.2958110555764159,0.8745725064766311,0.09253103834182995,0.0,0.0,0.29738381254391477,0.0,0.0,0.030170059383116333,0.0,0.0,1,test,failure
2020-07-15 15:35:00,9.340667,9.245334,-0.0053333337,-0.0076666665,9.244333,88.42917,5.7166667,0.0,1.0,0.5,0.0,0.0,1.0,1.0,1.0,9.837379328409831,9.5991579691569,-0.0025253969889793854,-0.008788889281762143,9.596507183710735,87.05296643575032,5.8761290311813354,0.0,1.0,0.4976190492510796,0.0,0.0,0.9944444437821706,1.0,1.0,0.32579464966133337,0.29481983822571517,0.0012064933582660695,0.0006368499689072657,0.2946436099226778,0.8355363239962511,0.09481527507031776,0.0,0.0,0.2966270735346412,0.0,0.0,0.030170059383116333,0.0,0.0,1,test,failure
2020-07-15 15:36:00,9.209333,9.233666,-0.0043333336,-0.0070000007,9.231999,88.55417,5.7058334,0.0,1.0,0.5,0.0,0.0,1.0,1.0,1.0,9.822395992279052,9.585496854782104,-0.0025309525454455676,-0.008766667063658437,9.582823832829794,87.1199109395345,5.871608201662699,0.0,1.0,0.49484127114216486,0.0,0.0,0.9972222218910853,1.0,1.0,0.33369890270071356,0.29239852008166956,0.0012141417799386325,0.0006751278230441861,0.29213771809896144,0.7902613937304267,0.09637399057050447,0.0,0.0,0.29579640348748387,0.0,0.0,0.021516576710572295,0.0,0.0,1,test,failure
2020-07-15 15:37:00,9.34,9.158999,-0.004,-0.008,9.157666,88.62917,5.7166667,0.0,1.0,0.5,0.0,0.0,1.0,1.0,1.0,9.811640437444051,9.569435739517212,-0.0025365080980312388,-0.008755555950726072,9.566746044158936,87.1858139038086,5.867781805992126,0.0,1.0,0.4976190487543742,0.0,0.0,0.9972222218910853,1.0,1.0,0.33872039161299106,0.288837183002462,0.0012201741830115856,0.0006822498608099239,0.2884646943757553,0.746584766895533,0.0979056745198837,0.0,0.0,0.2950355929536431,0.0,0.0,0.021516576710572295,0.0,0.0,1,test,failure
2020-07-15 15:38:00,9.18,9.1883335,-0.0043333336,-0.007333333,9.187333,88.79584,5.74625,0.0,1.0,0.5,0.0,0.0,1.0,1.0,1.0,9.795073779424031,9.554241307576497,-0.002547619214844114,-0.00872777816063414,9.55154603322347,87.24435564676921,5.863899866739909,0.0,1.0,0.4948412706454595,0.0,0.0,0.9972222218910853,1.0,1.0,0.344947955480703,0.2843987715436231,0.0012336015440315574,0.0007056562724187352,0.2839175994308193,0.7324564348106163,0.09803190149621764,0.0,0.0,0.29420042941693075,0.0,0.0,0.021516576710572295,0.0,0.0,1,test,failure
2020-07-15 15:39:00,9.283999,9.084333,-0.0026666669,-0.007333333,9.082,88.737495,5.7899995,0.0,1.0,0.5,0.0,0.0,1.0,1.0,1.0,9.783301544189452,9.538324642181397,-0.0025253969928598964,-0.00870555592700839,9.535618241628011,87.29456392923991,5.861601241429647,0.0,1.0,0.49761904825766884,0.0,0.0,0.9972222218910853,1.0,1.0,0.3501842588247598,0.28351234509666917,0.0012189167573198332,0.0007282461915927754,0.28298892425822325,0.7297877701538268,0.09812228800967934,0.0,0.0,0.2934354809243254,0.0,0.0,0.021516576710572295,0.0,0.0,1,test,failure
2020-07-15 15:40:00,9.125667,9.048667,-0.0033333336,-0.0059999996,9.046666,88.25417,5.6949997,0.0,1.0,0.5,0.0,0.0,1.0,1.0,1.0,9.766418202718098,9.522169081370036,-0.002514285883808043,-0.008650000354585548,9.519440460205079,87.33206392923991,5.857198452949524,0.0,1.0,0.4948412701487541,0.0,0.0,0.9972222218910853,1.0,1.0,0.3571119577604807,0.2833334035132466,0.0012082388447968266,0.0008028651343072355,0.28272892094781604,0.7201010787283719,0.09958600281506469,0.0,0.0,0.29259575017775385,0.0,0.0,0.021516576710572295,0.0,0.0,1,test,failure
2020-07-15 15:41:00,9.308333,8.993667,-0.001,-0.008,8.990334,88.075005,5.7549996,0.0,1.0,0.5,0.0,0.0,1.0,1.0,1.0,9.756857093175253,9.50732463200887,-0.0024642858814331705,-0.008638889241653184,9.504557132720947,87.36102231343587,5.854379010200501,0.0,1.0,0.49761904776096344,0.0,0.0,0.9972222218910853,1.0,1.0,0.36161609308057924,0.28734086088183375,0.0012077878632810765,0.0008072318023854949,0.286724585851486,0.7143407462509545,0.10005150439508914,0.0,0.0,0.2918265954656506,0.0,0.0,0.021516576710572295,0.0,0.0,1,test,failure
2020-07-15 15:42:00,9.170333,9.052333,-0.0006666667,-0.008,9.049334,88.17084,5.625,0.0,1.0,0.5,0.0,0.0,1.0,1.0,1.0,9.744018189112346,9.496307961146037,-0.002436508102012643,-0.008622222572254638,9.4935293674469,87.39039738972981,5.849142893155416,0.0,1.0,0.4948412696520487,0.0,0.0,0.9972222218910853,1.0,1.0,0.36858731599994976,0.29194315160311757,0.0012298155412458294,0.0008099683893916111,0.2913371175256364,0.7107299770140958,0.10369353610152056,0.0,0.0,0.29098222175084626,0.0,0.0,0.021516576710572295,0.0,0.0,1,test,failure
2020-07-15 15:43:00,9.309667,8.975333,-0.002,-0.008,8.972333,88.18333,5.6583333,0.0,1.0,0.5,0.0,0.0,1.0,1.0,1.0,9.734634860356648,9.482930183410645,-0.0024420636565385696,-0.008616667015788455,9.480151573816935,87.40824457804362,5.843684554100037,0.0,1.0,0.49761904726425804,0.0,0.0,0.9972222218910853,1.0,1.0,0.3724032822249571,0.2971601142757466,0.001227028665825758,0.000813120486202541,0.2965748937039321,0.7170500420655369,0.10498788849097183,0.0,0.0,0.2902087906608875,0.0,0.0,0.021516576710572295,0.0,0.0,1,test,failure
2020-07-15 15:44:00,9.189,8.988,-0.0030000003,-0.0070000007,8.986333,87.887505,5.7183337,0.0,1.0,0.5,0.0,0.0,1.0,1.0,1.0,9.720634857813517,9.469924624760946,-0.002480952548891461,-0.008577778128286202,9.467184909184773,87.41227238972982,5.840399837493896,0.0,1.0,0.4948412691553434,0.0,0.0,0.9972222218910853,1.0,1.0,0.37691149717594624,0.30150178225829577,0.0012066122884508775,0.0008337986223229489,0.3009153622658183,0.7190831277568631,0.105785593306005,0.0,0.0,0.28935969610164236,0.0,0.0,0.021516576710572295,0.0,0.0,1,test,failure
2020-07-15 15:45:00,9.358,8.985429,-0.0034285716,-0.007142857,8.983143,87.682144,5.6960716,0.0,1.0,0.5714286,0.0,0.0,1.0,1.0,1.0,9.70997929573059,9.454976224899292,-0.002482539848521507,-0.008541270182467997,9.452237288157145,87.41801643371582,5.836167693138123,0.0,1.0,0.4988095233837763,0.0,0.0,0.9972222218910853,1.0,1.0,0.37799210591608634,0.3029388417325749,0.0012078146455983378,0.0008479901677731743,0.3023335147918754,0.7198518277784199,0.10640414045254182,0.0,0.0,0.28873919309483903,0.0,0.0,0.021516576710572295,0.0,0.0,1,test,failure
2020-07-15 15:46:00,9.24,9.013667,-0.002,-0.006333334,9.011333,88.05417,5.74625,0.0,1.0,0.33333334,0.0,0.0,1.0,1.0,1.0,9.693551508585612,9.43977068265279,-0.0024936509595136157,-0.00848571464108924,9.437065076828002,87.42336362202963,5.831973250706991,0.0,1.0,0.49325396766265234,0.0,0.0,0.9972222218910853,1.0,1.0,0.37661648230622274,0.3017902160595035,0.0012001053533970182,0.0008815378804400662,0.3012164226971601,0.723416557592751,0.10486920406885421,0.0,0.0,0.2886615361036377,0.0,0.0,0.021516576710572295,0.0,0.0,1,test,failure
2020-07-15 15:47:00,9.314334,8.937667,-0.0016666668,-0.0070000007,8.935333,88.041664,5.709167,0.0,1.0,0.6666667,0.0,0.0,1.0,1.0,1.0,9.68026262919108,9.422654008865356,-0.0025103176279420345,-0.008463492422985533,9.419992860158285,87.42843310038249,5.828313525517782,0.0,1.0,0.4988095233837763,0.0,0.0,0.9972222218910853,1.0,1.0,0.375679013225342,0.3006370535528816,0.0011810960391446573,0.0009020121524256542,0.30012098875494697,0.7267134536320156,0.1052653924403962,0.0,0.0,0.28873919309483903,0.0,0.0,0.021516576710572295,0.0,0.0,1,test,failure
2020-07-15 15:48:00,9.231334,8.930333,-0.0036666666,-0.007333333,8.929,88.208336,5.69125,0.0,1.0,0.33333334,0.0,0.0,1.0,1.0,1.0,9.663390413920085,9.40654288927714,-0.0025603176254662685,-0.00843015907642742,9.403931744893391,87.43551648457846,5.8240149100621545,0.0,1.0,0.49325396766265234,0.0,0.0,0.9972222218910853,1.0,1.0,0.3726674644295485,0.3006878265761439,0.0011651171293225616,0.0009062672418254223,0.3001824224206271,0.7322813000712929,0.10551244012188697,0.0,0.0,0.2886615361036377,0.0,0.0,0.021516576710572295,0.0,0.0,1,test,failure
2020-07-15 15:49:00,9.22,8.834333,-0.002,-0.007333333,8.832,88.025,5.76375,0.0,1.0,0.6666667,0.0,0.0,1.0,1.0,1.0,9.648907089233399,9.388626225789388,-0.0025992065168490325,-0.00840793684280167,9.386087290445964,87.44975255330404,5.8201607386271155,0.0,1.0,0.4988095233837763,0.0,0.0,0.9972222218910853,1.0,1.0,0.37273262145909464,0.30224420801274166,0.001104247395920586,0.0009166571537100609,0.30185088690380546,0.7353449081408455,0.10336246681675058,0.0,0.0,0.28873919309483903,0.0,0.0,0.021516576710572295,0.0,0.0,1,test,failure
2020-07-15 15:50:00,9.174,8.810333,0.00033333336,-0.0070000007,8.806666,88.42084,5.7791667,0.0,1.0,0.33333334,0.0,0.0,1.0,1.0,1.0,9.630983273188273,9.370522260665894,-0.0025888890556719463,-0.008381746367861827,9.368007930119832,87.47432607014974,5.816837318738302,0.0,1.0,0.4924603169163068,0.0,0.0,0.9972222218910853,1.0,1.0,0.36920624226560217,0.30383123131474316,0.0011288477199232476,0.0009341882902857941,0.30355160656656044,0.7428373569844022,0.10136925986922263,0.0,0.0,0.2881084600605633,0.0,0.0,0.021516576710572295,0.0,0.0,1,test,failure
2020-07-15 15:51:00,9.144334,8.755333,-0.001,-0.0070000007,8.751333,88.63333,5.7170835,0.0,1.0,0.6666667,0.0,0.0,1.0,1.0,1.0,9.61404439608256,9.35127781232198,-0.0025944446111680008,-0.008337301939415434,9.348791265487671,87.5003677368164,5.8127331574757894,0.0,1.0,0.5007936504979928,0.0,0.0,0.9972222218910853,1.0,1.0,0.3678045161469483,0.30564442917367757,0.001120012946533841,0.0009354545816838524,0.3055131070200616,0.7557287198506277,0.10031704371982815,0.0,0.0,0.28574678531471187,0.0,0.0,0.021516576710572295,0.0,0.0,1,test,failure
2020-07-15 15:52:00,9.169,8.797999,-0.0006666667,-0.008333334,8.794333,88.729164,5.784167,0.0,1.0,0.33333334,0.0,0.0,1.0,1.0,1.0,9.595488834381104,9.332561127344768,-0.0025777779427395824,-0.008303968616140385,9.330091269810994,87.53196487426757,5.8079484303792315,0.0,1.0,0.4924603176613649,0.0,0.0,0.9972222218910853,1.0,1.0,0.3615485920418074,0.30454764323074796,0.0011412912723827776,0.0008980076785922665,0.30452228438023987,0.7669169434843662,0.09445277547790396,0.0,0.0,0.2831636035043732,0.0,0.0,0.021516576710572295,0.0,0.0,1,test,failure
2020-07-15 15:53:00,9.204333,8.821667,0.0006666667,-0.009000001,8.817333,88.56667,5.7549996,0.0,1.0,0.6666667,0.0,0.0,1.0,1.0,1.0,9.578661060333252,9.3148055712382,-0.0024944446044780004,-0.008287301962263882,9.312307929992675,87.56071497599284,5.804691481590271,0.0,1.0,0.5007936512430509,0.0,0.0,0.9972222218910853,1.0,1.0,0.35572275765739575,0.3027249606965913,0.0011923341243915142,0.0008749810822588548,0.302757297572832,0.7729105322648189,0.09281184020930335,0.0,0.0,0.28076033711366105,0.0,0.0,0.021516576710572295,0.0,0.0,1,test,failure
2020-07-15 15:54:00,9.220333,8.852667,0.001,-0.0076666675,8.848333,88.21667,5.7254167,0.0,1.0,0.33333334,0.0,0.0,1.0,1.0,1.0,9.561305507024128,9.297383356094361,-0.0024166668197722176,-0.008248413090283672,9.29486904144287,87.5811316172282,5.800642863909403,0.0,1.0,0.49246031840642296,0.0,0.0,0.9972222218910853,1.0,1.0,0.3471338333670561,0.2986451445764938,0.0012645897985613058,0.0008490376854542707,0.29875279450910786,0.7738030673216485,0.09082955351470526,0.0,0.0,0.27813084679821937,0.0,0.0,0.021516576710572295,0.0,0.0,1,test,failure
2020-07-15 15:55:00,9.206667,8.822667,0.0006666667,-0.008,8.818666,88.387505,5.7425003,0.0,1.0,0.6666667,0.0,0.0,1.0,1.0,1.0,9.544338846206665,9.279411141077677,-0.0023444445983235103,-0.00820952421054244,9.276874589920045,87.60502065022787,5.797830375035604,0.0,1.0,0.500793651988109,0.0,0.0,0.9972222218910853,1.0,1.0,0.33894303601409914,0.29411656896370836,0.001314737439358173,0.0008041746052592014,0.294270490470019,0.7762404624671697,0.08995503140583525,0.0,0.0,0.2756837109345803,0.0,0.0,0.021516576710572295,0.0,0.0,1,test,failure
2020-07-15 15:56:00,9.178333,8.805667,0.0013333334,-0.008,8.799666,87.7875,5.7720833,0.0,1.0,0.33333334,0.0,0.0,1.0,1.0,1.0,9.52636661529541,9.261316696802774,-0.002255555704565874,-0.008181746443733573,9.258724578221639,87.6175900777181,5.793753989537557,0.0,1.0,0.492460319151481,0.0,0.0,0.9972222218910853,1.0,1.0,0.32897449624662084,0.2891867260759205,0.0013796010867505144,0.0007814529231828185,0.2894408509337185,0.7729253020963368,0.08529105098019621,0.0,0.0,0.273005328760827,0.0,0.0,0.021516576710572295,0.0,0.0,1,test,failure
2020-07-15 15:57:00,9.199333,8.812667,0.00033333336,-0.008666667,8.807333,87.26666,5.754167,0.0,1.0,0.6666667,0.0,0.0,1.0,1.0,1.0,9.509322166442871,9.243527809778849,-0.0022000001442696276,-0.008170635330801208,9.240885686874389,87.61904830932617,5.790378991762797,0.0,1.0,0.500793652733167,0.0,0.0,0.9972222218910853,1.0,1.0,0.3186529652201824,0.2832510892724034,0.0014157564548449484,0.0007694488291745104,0.2835715345290275,0.7721663015872244,0.08270247824434634,0.0,0.0,0.2705118297841072,0.0,0.0,0.021516576710572295,0.0,0.0,1,test,failure
2020-07-15 15:58:00,9.208,8.830667,-0.00033333336,-0.009000001,8.826333,87.05833,5.7374997,0.0,1.0,0.33333334,0.0,0.0,1.0,1.0,1.0,9.492361052831013,9.226400025685628,-0.0021666668088679824,-0.008176190887267391,9.22372457186381,87.61668701171875,5.786594271659851,0.0,1.0,0.49246031989653904,0.0,0.0,0.9972222218910853,1.0,1.0,0.30673864757954505,0.27643328239970416,0.001435964298103392,0.0007742791702451784,0.27679075508674916,0.7736845977162203,0.07973813684364921,0.0,0.0,0.2677817229067733,0.0,0.0,0.021516576710572295,0.0,0.0,1,test,failure
2020-07-15 15:59:00,9.179,8.789333,0.0,-0.009333334,8.783667,86.98334,5.7295833,0.0,1.0,0.6666667,0.0,0.0,1.0,1.0,1.0,9.475772158304851,9.209050035476684,-0.0021277779174852184,-0.008187302000199756,9.20633568763733,87.6087703704834,5.783649826049805,0.0,1.0,0.500793653478225,0.0,0.0,0.9972222218910853,1.0,1.0,0.2959564926248482,0.2704903716992718,0.0014627205960719702,0.0007861296677961336,0.27096006267468786,0.7777518644972424,0.07849696460848216,0.0,0.0,0.2652391216084655,0.0,0.0,0.021516576710572295,0.0,0.0,1,test,failure
